Curation,Variable ID,Variable name,Variable synonyms,Context of use,Growth stage,Variable status,Variable Xref,Institution,Scientist,Date,Language,Crop,Trait ID,Trait name,Trait class,Trait description,Trait synonyms,Main trait abbreviation,Alternative trait abbreviations,Entity,Attribute,Trait status,Trait Xref,Method ID,Method name,Method class,Method description,Formula,Method reference,Scale ID,Scale name,Scale class,Decimal places,Lower limit,Upper limit,Scale Xref,Category 1,Category 2,Category 3,Category 4,Category 5,Category 6,Category 7,Category 8,Category 9,Category 10
,CO_340:00001000,NodWt_FrshAv_g,,Pedigree nurseries,,Recommended,,IITA,Ousmane Boukar,17-Dec-2011,EN,Cowpea,CO_340:0000617,Nodule weight,Agronomical traits,weight of nodule,,NDLWT,,Nodule,Weight,Recommended,,CO_340:0000618,Nodule fresh weight - Method,Computation,Average fresh Weight of nodule from 10 plants per experimental unit,,,CO_340:0000619,g,Numerical,,,,,,,,,,,,,,
,CO_340:00001001,NodWt_DryAv_g,,Pedigree nurseries,,Recommended,,IITA,Ousmane Boukar,17-Dec-2011,EN,Cowpea,CO_340:0000617,Nodule weight,Agronomical traits,weight of nodule,,NDLWT,,Nodule,Weight,Recommended,,CO_340:0000877,Nodule dry weight - Method,Computation,Average dry weight of nodule from 10 plants per experimental unit,,,CO_340:0000878,g,Numerical,,,,,,,,,,,,,,
,CO_340:00001002,NodNo_Comp_NodPlot,,Pedigree nurseries,,Recommended,,IITA,Ousmane Boukar,17-Dec-2011,EN,Cowpea,CO_340:0000620,Nodule number,Agronomical traits,Number of nodules,,NodNo,,Nodule,Number,Recommended,,CO_340:0000621,Nodule count - Method,Computation,average number of nodules from 10 plants per experimental unit,,,CO_340:0000622,nodules/plot,Numerical,,,,,,,,,,,,,,
,CO_340:00001003,PedLng_Comp_cm,,Pedigree nurseries,,Recommended,,IITA,Ousmane Boukar,30-Apr-2014,EN,Cowpea,CO_340:0000623,Peduncle length,Morphological traits,Length of peduncules at full growth,,PedLen,,Peduncle,Length,Recommended,,CO_340:0000624,Peduncle length - Method,Computation,"Measure peduncules when they have grown full length. Mean length of 10 peduncles, one from each of 10 randomly selected plants",,"Lynch,",CO_340:0000625,cm,Numerical,,5,75,,,,,,,,,,,
,CO_340:00001004,DiabInf_Est_0to4,,Pedigree nurseries,,Recommended,,IITA,Ousmane Boukar,17-Dec-2011,EN,Cowpea,CO_340:0000629,Diabrotica,Biotic stress traits,Infestation by diabrotica,,DIABRT,,Diabrotica,Infestation,Recommended,,CO_340:0000630,Diabrotica - Method,Estimation,visual rating of diabrotica per plot,,,CO_340:0000631,0-4 score,Ordinal,,,,,0= no infestation,1=mild infestation,2=moderate infestation,3=heavy infestation,4=heavy devastating infestation,,,,,
,CO_340:00001005,GwtPat_Est_1or2,,,,Recommended,,IITA,Ousmane Boukar,30-Apr-2014,EN,Cowpea,CO_340:0000651,Growth pattern,Morphological traits,Pattern of growth,,GroPat,,Plant,Growth pattern,Recommended,,CO_340:0000728,Growth pattern - Method,Estimation,Visual observation of growth pattern,,"IBPGR, 1983",CO_340:0000811,1 - 2 score,Nominal,,,,,1= Determinate (apical bud of main stem reproductive),2= Indeterminate,,,,,,,,
,CO_340:00001006,TwTnd_Est_0to7,,,,Recommended,,IITA,Ousmane Boukar,30-Apr-2014,EN,Cowpea,CO_340:0000652,Twinning tendency,Morphological traits,twinning tendency,,TwiTend,,Plant,Twinning tendency,Recommended,,CO_340:0000729,Twinning tendency - Method,Estimation,Visual recording of the twinning tendency of the plant,,"IBPGR, 1983",CO_340:0000812,0-7 score,Ordinal,,,,,0= None,1=,2=,3= Slight,4=,5= Intermediate,6=,7= Pronounced,,
,CO_340:00001007,PlntPig_Est_0to9,,,,Recommended,,IITA,Ousmane Boukar,30-Apr-2014,EN,Cowpea,CO_340:0000653,Plant pigmentation,Morphological traits,Pigmentation of the plant part,,PlaPig,,Plant,Pigmentation,Recommended,,CO_340:0000730,Plant pigmentation - Method,Estimation,"Recorded for stem, branches, petioles and peduncles in the 6th week after sowing",,"IBPGR, 1983",CO_340:0000813,0-9 score,Nominal,,,,,0= ‚None,1= Very slight,2=,3= Moderate at the base and tips of petioles,4=,5= Intermediate,6=,7= Extensive,8=,9= Solid
,CO_340:00001008,TermLftShp_Est_1to4,,,,Recommended,,IITA,Ousmane Boukar,30-Apr-2014,EN,Cowpea,CO_340:0000654,Terminal leaflet shape,Morphological traits,Shape of terminal leaflet,,TerLEASh,,Terminal leaflet,Shape,Recommended,,CO_340:0000731,Terminal leaflet shape - Method,Estimation,"Recorded for the terminal leaflet of a young, mature leaf in the 6th week after sowing",,"IBPGR, 1983",CO_340:0000814,1-4 score,Nominal,,,,,1= ‚Globose,2= ‚Sub-globose,3= ‚Sub-hastate,4= ‚Hastate,,,,,,
,CO_340:00001009,PlntHair_Est_1to7,,,,Recommended,,IITA,Ousmane Boukar,30-Apr-2014,EN,Cowpea,CO_340:0000655,Plant hairiness,Morphological traits,Presence of hair on plant,,PlaHair,,Plant,Hairiness,Recommended,,CO_340:0000732,Plant hairiness - Method,Estimation,"Visual observation of the presence of hairs on stems, leaves and pods",,"IBPGR, 1983",CO_340:0000815,1-7 score,Nominal,,,,,1=,2=,3= Glabrescent,4=,5= Short appressed hairs,6=,7= Pubescent to hirsute,,,
,CO_340:00001010,RacPos_Est_1to3,,,,Recommended,,IITA,Ousmane Boukar,30-Apr-2014,EN,Cowpea,CO_340:0000656,Raceme position,Morphological traits,position of raceme,,RacPos,,Raceme,Position,Recommended,,CO_340:0000733,Raceme position - Method,Estimation,Recorded when peduncles have reached full length,,"IBPGR, 1983",CO_340:0000816,1-3 score,Nominal,,,,,1= Mostly above canopy,2= In upper canopy,3= Throughout canopy,,,,,,,
,CO_340:00001011,PodAtt_Est_1to7,,,,Recommended,,IITA,Ousmane Boukar,30-Apr-2014,EN,Cowpea,CO_340:0000657,Pod attachment to peduncle,Morphological traits,attachment of the pod to the peduncle,,PodAtt,,Pod,Attachment to peduncle,Recommended,,CO_340:0000734,Pod attachment to peduncle - Method,Estimation,Recorded when pods are full grown,,"IBPGR, 1983",CO_340:0000817,1-7 score,Nominal,,,,,1=,2=,3= Pendant,4=,5= 30 - 90o down from erect,6=,7= Erect,,,
,CO_340:00001012,ImPodPig_Est_0to6,,,,Recommended,,IITA,Ousmane Boukar,30-Apr-2014,EN,Cowpea,CO_340:0000658,Immature pod pigmentation,Morphological traits,Pigmentation of immature pod,,ImmPodPig,,Immature pod,Pigmentation,Recommended,,CO_340:0000735,Immature pod pigmentation - Method,Estimation,Pattern of pigment distribution on full grown immature pods,,"IBPGR, 1983",CO_340:0000818,0-6 score,Nominal,,,,,0= None,1= Pigmented tip,2= Pigmented sutures,"3= Pigmented valves, green sutures",4= Splashes of pigment,5= Uniformly pigmented,6= Other,,,
,CO_340:00001013,PodCurv_Est_1to5,,,,Recommended,,IITA,Ousmane Boukar,30-Apr-2014,EN,Cowpea,CO_340:0000659,Pod curvature,Morphological traits,Curvature of th pod,,PodCur,,Pod,Curvature,Recommended,,CO_340:0000736,Pod curvature - Method,Estimation,Of mature pods,,"IBPGR, 1983",CO_340:0000819,0-7 score,Nominal,,,,,0= Straight,1=,2=,3= Slightly curved,4=,5= Curved,6=,7= Coiled,,
,CO_340:00001014,SdShp_EstMat_0to5,,,,Recommended,,IITA,Ousmane Boukar,30-Apr-2014,EN,Cowpea,CO_340:0000660,Seed Shape,Morphological traits,Shape of the seed,,SeeSha,,Grain,Shape,Recommended,,CO_340:0000737,Seed Shape - Method,Estimation,Visual rating of the shape of the seed at maturity,,"IBPGR, 1983",CO_340:0000820,0-5 score,Nominal,,,,,1= ‚Kidney,2= ‚Ovoid,3= ‚Crowder,4= Globose,5=Rhomboid,,,,,
,CO_340:00001015,TesText_Est_1to9,,,,Recommended,,IITA,Ousmane Boukar,30-Apr-2014,EN,Cowpea,CO_340:0000661,Testa texture,Morphological traits,The texture of the testa,,TesTex,,Testa,Texture,Recommended,,CO_340:0000738,Testa texture - Method,Estimation,Visual recording of the texture of the testa,,"IBPGR, 1983",CO_340:0000821,1-9 score,Nominal,,,,,1= Smooth,3= Smooth to rough,5= Rough (fine reticulation),7= Rough to wrinkled,9= Wrinkled (coarse folds on the testa),,,,,
,CO_340:00001016,EyeCol_Est_0to9,,,,Recommended,,IITA,Ousmane Boukar,30-Apr-2014,EN,Cowpea,CO_340:0000662,Eye colour,Morphological traits,The color of the eye,,EyeCol,,Eye,Colour,Recommended,,CO_340:0000739,Eye colour - Method,Estimation,Visual rating of the color of the eye,,"IBPGR, 1983",CO_340:0000822,Color,Nominal,,,,,"0= ‚Eye absent (white, cream)",1= ‚Brown splash or gray,2= ‚Tan Brown,3= ‚Red,4= ‚Green,5= ‚Blue to black,6= ‚Blue to black spots or mottle,7= ‚Speckled (even distribution of fine speckling),8= ‚Mottled (dark brown pigment typically Absent around hilum),9= ‚Mottled and speckled (Victor)
,CO_340:00001017,EyePat_Est_0to8,,,,Recommended,,IITA,Ousmane Boukar,30-Apr-2014,EN,Cowpea,CO_340:0000663,Eye pattern,Morphological traits,The shape of the pigment pattern which surrounds the hilum. The front of the hilum is the non-micropylar end.,,EyePat,,Eye,Pattern,Recommended,,CO_340:0000740,Eye pattern - Method,Estimation,Use of diagram illustrating eye pattern (IITA Genetic Resource Center),,"IBPGR, 1983",CO_340:0000823,0-8 score,Nominal,,,,,0= ‚Absent (A1),1=1+ ‚Very Small ( A ),"2 =‚Kabba group (Eye fills the narrow groove all around the hilum, and the body has some form of speckling. A blue halo is also found around the hilum) (K)",3= ‚Narrow eye (Hilum Ring. Eye fills the narrow groove around the hilum and spills out of this groove in front of the hilum for a short distance and has an indistinct front margin) (N),"4= ‚Small eye (eye has a distinct margin, but is E smaller than Holstein group)","5= ‚Holstein group (eye encircles the back of the hilum in a narrow ring, widens at the sides,and then extends margin of the eye is very distinct) (H)","6 =‚Watson group (eye encircles the back of the hilum as a narrow ring, widens at the sides and spills over the non micropylar end of the seed withan indistinct margin. The extra width at the sidesof the hilum distinguishes this group from 3, narrow eye) (W)",7= ‚Self coloured (eye covers entire seed) S,8 =‚Other,
,CO_340:00001018,HypLng_Av_mm,,,,Recommended,,IITA,Ousmane Boukar,30-Apr-2014,EN,Cowpea,CO_340:0000664,Hypocotyl length,Morphological traits,length of the hypocotyl,,HypLen,,Hypocotyl,Length,Recommended,,CO_340:0000741,Hypocotyl length - Method,Computation,Mean of 10 plants per experimental unit (in mm),,"IBPGR, 1983",CO_340:0000824,mm,Numerical,,,,,,,,,,,,,,
,CO_340:00001019,LfCol_Est_1to7,,,,Recommended,,IITA,Ousmane Boukar,30-Apr-2014,EN,Cowpea,CO_340:0000665,Leaf colour,Morphological traits,Intensity of green Colour of the leaf,,LeaCol,,Leaf,Colour,Recommended,,CO_340:0000742,Leaf colour - Method,Estimation,Visual rating of the intensity of the leaf color,,"IBPGR, 1983",CO_340:0000825,1-7 score,Nominal,,,,,1=,2=,3= Pale Green,4=,5= Intermediate green,6=,7= Dark green,,,
,CO_340:00001020,LfMk_Est_0or1,,,,Recommended,,IITA,Ousmane Boukar,30-Apr-2014,EN,Cowpea,CO_340:0000666,Leaf marking,Morphological traits,Presence/absence of V-mark on leaflets,,LeaMar,,Leaf,Presence of V-mark,Recommended,,CO_340:0000743,Leaf marking - Method,Estimation,Visual rating of the presence or absence of the V-mark on the leaf,,"IBPGR, 1983",CO_340:0000826,Presence - absence,Nominal,,,,,0= Absent,1= Present,,,,,,,,
,CO_340:00001021,TLfLng_Meas_mm,,,,Recommended,,IITA,Ousmane Boukar,30-Apr-2014,EN,Cowpea,CO_340:0000667,Terminal leaflet length,Morphological traits,Length of terminal leaflet whose shape was recorded,,TerLeaLen,,Terminal leaflet,Length,Recommended,,CO_340:0000744,Terminal leaflet length - Method,Measurement,"Measure the length of the leaflet of the young , mature leaf in the 6th week after sowing whose shape was recorded",,"IBPGR, 1983",CO_340:0000827,mm,Numerical,,,,,,,,,,,,,,
,CO_340:00001022,TLfWdt_Meas_mm,,,,Recommended,,IITA,Ousmane Boukar,30-Apr-2014,EN,Cowpea,CO_340:0000668,Terminal leaflet width,Morphological traits,The widest dimension of the terminal leaflet whose shape,,TerLeaWid,,Terminal leaflet,Width,Recommended,,CO_340:0000745,Terminal leaflet width - Method,Measurement,"Measure the widest dimension of the terminal leaflet whose shape was recorded (young , mature leaf in the 6th week after sowing)",,"IBPGR, 1983",CO_340:0000828,mm,Numerical,,,,,,,,,,,,,,
,CO_340:00001023,LfTex_Est_1to3,,,,Recommended,,IITA,Ousmane Boukar,30-Apr-2014,EN,Cowpea,CO_340:0000669,Leaf texture,Morphological traits,Leaf appearance,,LeaTex,,Leaf,Texture,Recommended,,CO_340:0000746,Leaf texture - Method,Estimation,Visual rating of the leaf appearance,,"IBPGR, 1983",CO_340:0000829,1-3 score,Nominal,,,,,1= Cariaceous,2= Intermediate,3= Membranous,,,,,,,
,CO_340:00001024,StplLng_Meas_mm,,,,Recommended,,IITA,Ousmane Boukar,30-Apr-2014,EN,Cowpea,CO_340:0000670,Stipule length,Morphological traits,Measure of stipule length,,StiLen,,Stipule,Length,Recommended,,CO_340:0000747,Stipule length - Method,Computation,Mean length of stipules from 5 randomly selected plants from the plot experimental unit,,"IBPGR, 1983",CO_340:0000830,mm,Numerical,,,,,,,,,,,,,,
,CO_340:00001025,StplWdt_Meas_mm,,,,Recommended,,IITA,Ousmane Boukar,30-Apr-2014,EN,Cowpea,CO_340:0000671,Stipule width,Morphological traits,Measure of stipule width,,StiWid,,Stipule,Width,Recommended,,CO_340:0000748,Stipule width - Method,Computation,Mean width of stipules from 5 randomly selected plants from the plot experimental unit,,"IBPGR, 1983",CO_340:0000831,mm,Numerical,,,,,,,,,,,,,,
,CO_340:00001026,MBrnchNo_Av_Brnch,,,,Recommended,,IITA,Ousmane Boukar,30-Apr-2014,EN,Cowpea,CO_340:0000672,Number of main branches,Morphological traits,Number of main branches,,NumMaiBra,,Main branch,Number,Recommended,,CO_340:0000749,Number of main branches - Method,Computation,Count the number of branches whose origin is in the leaf axils on the main stem - recorded in the 8th week after sowing. Mean of 10 randomly selected plants,,,CO_340:0000832,branches,Numerical,,,,,,,,,,,,,,
,CO_340:00001027,NodeNo_Av_Node,,,,Recommended,,IITA,Ousmane Boukar,30-Apr-2014,EN,Cowpea,CO_340:0000673,Number of nodes,Morphological traits,Number of nodes,,NumNodMainSte,,Node,Number,Recommended,,CO_340:0000750,Number of nodes on main stem - Method,Computation,Count of nodes on main stem per plant 3 - 4 weeks after sowing. Mean of 10 randomly selected plants,,,CO_340:0000833,nodes,Numerical,,,,,,,,,,,,,,
,CO_340:00001028,PlntVig_Est_1to9,,,,Recommended,,IITA,Ousmane Boukar,30-Apr-2014,EN,Cowpea,CO_340:0000674,Plant vigour,Agronomical traits,Status of the plant,,PlaVig,,Plant,Vigor,Recommended,,CO_340:0000751,Plant vigour - Method,Estimation,Estimation of plant vigor based on the height and width of the plant 3-4 week after sowing,,,CO_340:0000834,1-9 score,Ordinal,,,,,1=,2=,3= Non-vigorous (height less than 37 cm and width less than 75 cm,4=,5= Intermediate (height greater than 37cm or width greater than 75 cm,6=,7= Vigorous (height greater than 37 cm and width greater than 75 cm),8=,9= Very vigorous (height greater than 50 cm and width greater than 1 m),
,CO_340:00001029,LfStR_Comp_r,,,,Recommended,,IITA,Ousmane Boukar,30-Apr-2014,EN,Cowpea,CO_340:0000675,Leaf/stem ratio,Agronomical traits,Weight of leaves divided by weight of other parts of shoot,,LeaSteRat,,Plant,Leaf-stem ratio,Recommended,,CO_340:0000752,Leaf/stem ratio - Method,Computation,Measure weight of leaves and other parts of the shoot and calculate the ratio,,,CO_340:0000835,ratio,Numerical,,,,,,,,,,,,,,
,CO_340:00001030,DMCt_Comp_Pct,,,,Recommended,,IITA,Ousmane Boukar,30-Apr-2014,EN,Cowpea,CO_340:0000676,Plant dry weight content,Agronomical traits,Plant matter content,,PerDryWei,,Plant,Dry matter content,Recommended,,CO_340:0000753,Percentage dry weight - Method,Measurement,Take a 500 g sample of green plant. Measure the fresh weight then oven dry the sample and measure the dry weight of the sample. Calculate the ratio dry weight per fresh weight,,,CO_340:0000836,Pct,Numerical,,,,,,,,,,,,,,
,CO_340:00001031,FBMFlw_Av_g,,,,Recommended,,IITA,Ousmane Boukar,30-Apr-2014,EN,Cowpea,CO_340:0000677,Fresh biomass at flowering,Agronomical traits,Total above ground fresh biomass,Yield of green matter,FBMFlw,,Plant,Fresh biomass at flowering,Recommended,,CO_340:0000754,Yield of green matter - Method,Computation,Average the weight of 10 randomly selected plants at 50% flowering,,,CO_340:0000837,g,Numerical,,,,,,,,,,,,,,
,CO_340:00001032,CapReGro_Meas_g,,,,Standard IITA,,IITA,Ousmane Boukar,30-Apr-2014,EN,Cowpea,CO_340:0000678,Capacity for re-growth,Agronomical traits,Weight of green matter in grams at 50% flowering after the accession has been cut at six week stage,,CapReGro,,Plant,Capacity for re-growth,Standard IITA,,CO_340:0000755,Capacity for re-growth - Method,Measurement,Measure the weight of green matter in grams at 50% flowering after the accession has been cut at six week stage,,,CO_340:0000838,g,Numerical,,,,,,,,,,,,,,
,CO_340:00001033,DMDig_Meas_undefined,,,,Curation,,IITA,Ousmane Boukar,30-Apr-2014,EN,Cowpea,CO_340:0000679,Dry matter digestibility,Quality traits,Digestibility of green fodder,,DMDig,,Plant,Dry matter digestability,Recommended,,CO_340:0000756,In vitro dry matter digestibility - Method,Measurement,In vitro measurerement of the digestibility of green fodder at 50% flowering,,,CO_340:0000839,undefined scale,,,,,,,,,,,,,,,
,CO_340:00001034,FlwPigPat_Est_0to6,,,,Recommended,,IITA,Ousmane Boukar,30-Apr-2014,EN,Cowpea,CO_340:0000680,Flowering pigment pattern,Morphological traits,Pigmentation pattern of newly opened flowers,,FloPigPat,,Flower,Pigmentation pattern,Recommended,,CO_340:0000757,Flowering pigment pattern - Method,Estimation,Visual assessment of newly opened flower pigmentation,,,CO_340:0000840,0-6 score,Nominal,,,,,0= Not pigmented (white),1= Wing pigmented - standard with light V-shaped pattern of pigment at top center,2= Pigmented margins on wing and standard,3= Wing pigmented - standard lightly pigmented,4= Wing with pigmented upper margin - standard is pigmented,5= Completely pigmented,6= Other,,,
,CO_340:00001035,FlwLng_Av_mm,,,,Recommended,,IITA,Ousmane Boukar,30-Apr-2014,EN,Cowpea,CO_340:0000681,Flower length,Morphological traits,Length of flowers,Standard length,StaLen,,Flower,Length,Recommended,,CO_340:0000758,Standard length - Method,Computation,"Measure the mean length of 10 freshly opened, randomly selected standard petals",,,CO_340:0000841,mm,Numerical,,,,,,,,,,,,,,
,CO_340:00001036,CaLobLng_Av_mm,,,,Recommended,,IITA,Ousmane Boukar,30-Apr-2014,EN,Cowpea,CO_340:0000682,Calyx lobe length,Morphological traits,Flower calyx lobe length,,CaLobLen,,Flower,Calyx lobe length,Recommended,,CO_340:0000759,Calyx lobe length - Method,Computation,"Measure the mean length of 10 freshly opened, randomly selected calyx",,,CO_340:0000842,mm,Numerical,,,,,,,,,,,,,,
,CO_340:00001037,RacNo_Av_RacPlnt,,,,Recommended,,IITA,Ousmane Boukar,30-Apr-2014,EN,Cowpea,CO_340:0000683,Number of racemes,Agronomical traits,Number of racemes,,NumRacPla,,Raceme,Number,Recommended,,CO_340:0000760,Number of racemes per plant - Method,Computation,Mean of racemes in 10 randomly selected plants,,,CO_340:0000843,racemes/plant,Numerical,,,,,,,,,,,,,,
,CO_340:00001038,PodWdt_Av_cm,,,,Recommended,,IITA,Ousmane Boukar,30-Apr-2014,EN,Cowpea,CO_340:0000684,Pod width,Morphological traits,Width of pods,,PodWdt,,Pod,Width,Recommended,,CO_340:0000761,Pod width - Method,Computation,Mean width of the 10 mature pods per plot that are measured for length,,"Lynch,",CO_340:0000844,cm,Numerical,,,,,,,,,,,,,,
,CO_340:00001039,PodWThck_Est_1to7,,,,Recommended,,IITA,Ousmane Boukar,30-Apr-14,EN,Cowpea,CO_340:0000685,Pod wall thickness,Morphological traits,Tickness of pod wall,,PodWaiTh,,Pod,Wall thickness,Recommended,,CO_340:0000762,Pod wall thickness - Method,Computation,Visual assessment of the tickness of the pod wall,,"Lynch,",CO_340:0000845,1-7 score,Numerical,,,,,,,,,,,,,,
,CO_340:00001040,PodCol_Est_1to5,,,,Recommended,,IITA,Ousmane Boukar,30-Apr-2014,EN,Cowpea,CO_340:0000686,Pod colour,Morphological traits,Colour of the pod,,PodCol,,Pod,Colour,Recommended,,CO_340:0000763,Pod colour - Method,Estimation,Visual assessment of the colour of the pod at maturity,,"Lynch,",CO_340:0000846,1-5 color scale,Nominal,,,,,1= Pale tan or straw,2= Dark tan,3 =Dark brown,4= Black or dark purple,5= Other,,,,,
,CO_340:00001041,SdLng_Av_mm,,,,Recommended,,IITA,Ousmane Boukar,30-Apr-2014,EN,Cowpea,CO_340:0000687,Seed length,Morphological traits,Average length of seeds,,SeeLen,,Grain,Length,Recommended,,CO_340:0000764,Seed length - Method,Measurement,Mean of 10 mature seeds excluding those from the extremities of pods,,"Lynch,",CO_340:0000847,mm,Numerical,,,,,,,,,,,,,,
,CO_340:00001042,SdWdt_Av_mm,,,,Recommended,,IITA,Ousmane Boukar,30-Apr-2014,EN,Cowpea,CO_340:0000688,Seed width,Morphological traits,Average width of seeds,,SeeWdt,,Grain,Width,Recommended,,CO_340:0000765,Seed width - Method,Measurement,Mean width from hilum to keel of the 10 seeds measured for length,,"Lynch,",CO_340:0000848,mm,Numerical,,,,,,,,,,,,,,
,CO_340:00001043,SdThck_Av_mm,,,,Recommended,,IITA,Ousmane Boukar,30-Apr-2014,EN,Cowpea,CO_340:0000689,Seed thickness,Morphological traits,Tickness of the seed,,SeeThi,,Grain,Thickness,Recommended,,CO_340:0000766,Seed thickness - Method,Measurement,Mean thickness of the 10 seeds measured for length - measured perpendicular to length and width,,"Lynch,",CO_340:0000849,mm,Numerical,,,,,,,,,,,,,,
,CO_340:00001044,SdCr_Est_0to7,,,,Recommended,,IITA,Ousmane Boukar,30-Apr-2014,EN,Cowpea,CO_340:0000690,Seed crowding,Agronomical traits,"Seed crowding or compression, indicating the spacing within the pod",Seed compression,SeeCro,,Grain,Compression,Recommended,,CO_340:0000767,Seed crowding - Method,Estimation,Visual assessment of seed compression within the pod,,"Lynch,",CO_340:0000850,1-7 score,Ordinal,,,,,0= Not crowded (no compression of seed ends),1=,2=,3= Semi-crowded (slight flattering of seed ends),4=,5 = Crowded (marked compression of seed ends,6=,7= Extremely crowded (seed width greater than seed length),,
,CO_340:00001045,SplTest_Est_0or1,,,,Recommended,,IITA,Ousmane Boukar,30-Apr-2014,EN,Cowpea,CO_340:0000691,Splitting of testa,Morphological traits,Splitting of the testa,,SplTes,,Testa,Splitting,Recommended,,CO_340:0000768,Splitting of testa - Method,Estimation,Visual assessment of the splitting of testa,,"Lynch,",CO_340:0000851,0-1 score,Nominal,,,,,0= Absent,1 =Present (testa split exposing cotyledons),,,,,,,,
,CO_340:00001046,AttTes_Est_0to1,,,,Recommended,,IITA,Ousmane Boukar,30-Apr-2014,EN,Cowpea,CO_340:0000692,Attachment of testa,Morphological traits,Attachment of the testa to the seed,,AttTes,,Testa,Attachment to the seed,Recommended,,CO_340:0000769,Attachment of testa - Method,Estimation,Visual assessment of the testa to the seed,,"Lynch,",CO_340:0000852,0-1 score,Nominal,,,,,0= Testa not firmly attached to seed,1= Testa firmly attached to seed,,,,,,,,
,CO_340:00001047,AdvRtAng_Est_,,,,Recommended,,IITA,Ousmane Boukar,30-Apr-2014,EN,Cowpea,CO_340:0000693,adventitous root growth angle,Morphological traits,Angle of adventitious roots,,ang_ad,,Adventitious root,Growth angle,Recommended,,CO_340:0000770,adventitous root growth angle - Shovelomics Method,Estimation,Visual assessment of the angle of advantitious roots,,"Lynch,",CO_340:0000853,Degree,Numerical,,,,,,,,,,,,,,
,CO_340:00001048,BasRtAng_Est_,,,,Recommended,,IITA,Ousmane Boukar,30-Apr-2014,EN,Cowpea,CO_340:0000694,basal root growth angle,Morphological traits,Angle of basal region roots,,ang bas,,Basal root,Growth angle,Recommended,,CO_340:0000771,basal root growth angle - Shovelomics Method,Estimation,Visual assessment of the angle of basal region roots,,"Lynch,",CO_340:0000854,Degree,Numerical,,,,,,,,,,,,,,
,CO_340:00001049,StmDia_Av_,,,,Recommended,,IITA,Ousmane Boukar,30-Apr-2014,EN,Cowpea,CO_340:0000695,stem diameter,Morphological traits,stem diameter,,stemD,,Stem,Diameter,Recommended,,CO_340:0000772,stem diameter - Shovelomics Method,Computation,Measure the mean of stem diameter at soil level of 10 plants per experimental plot,,"Lynch,",CO_340:0000855,mm,Numerical,,,,,,,,,,,,,,
,CO_340:00001050,TapRtDia5_Av_mm,,,,Deprecated,,IITA,Ousmane Boukar,30-Apr-2014,EN,Cowpea,CO_340:0000696,tap root diameter at 5,Morphological traits,tap diameter 5cm below soil surface or just below basal region,,TD5,,Root,Diameter at 5cm depth,Deprecated,,CO_340:0000773,tap root diameter at 5 - Shovelomics Method,Computation,Measure the mean of tap diameter 5cm below soil surface of 10 plants per experimental plot,,"Lynch,",CO_340:0000856,No scale name found,Numerical,,,,,,,,,,,,,,
,CO_340:00001051,TapRtDia10_Av_mm,,,,Deprecated,,IITA,Ousmane Boukar,30-Apr-14,EN,Cowpea,CO_340:0000697,tap root diameter at 10,Morphological traits,tap diameter 10 below soil surface,,TD10,,Root,Diameter at 10cm depth,Deprecated,,CO_340:0000774,tap root diameter at 10 - Shovelomics Method,Computation,Measure the mean of tap diameter 10cm below soil surface of 10 plants per experimental plot,,"Lynch,",CO_340:0000857,No scale name found,Numerical,,,,,,,,,,,,,,
,CO_340:00001052,TapRtDia15_Av_mm,,,,Deprecated,,IITA,Ousmane Boukar,30-Apr-2014,EN,Cowpea,CO_340:0000698,tap root diameter at 15,Morphological traits,tap diameter 15cm below soil surface,,TD15,,Root,Diameter at 15cm depth,Deprecated,,CO_340:0000775,tap root diameter at 15 - Shovelomics Method,Computation,Measure the mean of tap diameter 15cm below soil surface of 10 plants per experimental plot,,"Lynch,",CO_340:0000858,No scale name found,Numerical,,,,,,,,,,,,,,
,CO_340:00001053,BasRtNo_Count_Rt,,,,Recommended,,IITA,Ousmane Boukar,30-Apr-2014,EN,Cowpea,CO_340:0000699,number of basal region roots,Morphological traits,number of basal region roots,,BasRtNo,,Basal root,Number,Recommended,,CO_340:0000776,number of basal region roots - Shovelomics Method,Counting,Count the number of basal region roots,,"Lynch,",CO_340:0000859,Basal roots,Numerical,,,,,,,,,,,,,,
,CO_340:00001054,AdvRtNo_Count_Rt,,,,Recommended,,IITA,Ousmane Boukar,30-Apr-2014,EN,Cowpea,CO_340:0000700,number of adventitious roots,Morphological traits,number of adventitious roots,,AdvNo,,Adventitious root,Number,Recommended,,CO_340:0000777,number of adventitious roots - Shovelomics Method,Counting,Count the number of adventitious roots,,"Lynch,",CO_340:0000860,adventitious roots,Numerical,,,,,,,,,,,,,,
,CO_340:00001055,BrnchDen5_Count_Rt,,,,Deprecated,,IITA,Ousmane Boukar,30-Apr-14,EN,Cowpea,CO_340:0000701,branching density 5-10,Morphological traits,number of 1st order lateral roots (not counting basal region roots) between 5 and 10 cm or from just below basal region to 10cm below soil level,,BD10,,1st order lateral root,Number,Deprecated,,CO_340:0000778,branching density 5-10 - Shovelomics Method,Counting,Count the number of 1st order lateral roots (not including the basal root),,"Lynch,",CO_340:0000861,lateral roots,Numerical,,,,,,,,,,,,,,
,CO_340:00001056,BrnchDen10_Count_Rt,,,,Deprecated,,IITA,Ousmane Boukar,30-Apr-2014,EN,Cowpea,CO_340:0000702,branching density 10-15,Morphological traits,number of 1st order lateral roots between 10 and 15cm below soil surface,,BD15,,1st order lateral root,Number,Deprecated,,CO_340:0000779,branching density 10-15 - Shovelomics Method,Counting,Count the number of 1st order lateral roots between 10 and 15 cm,,"Lynch,",CO_340:0000862,lateral roots,Numerical,,,,,,,,,,,,,,
,CO_340:00001057,BasRtNo_LargeCount_Rt,,,,Recommended,,IITA,Ousmane Boukar,30-Apr-14,EN,Cowpea,CO_340:0000703,number of adventitious roots,Morphological traits,number of basal region roots,,BasRtNo,,Adventitious root,Number,Recommended,,CO_340:0000780,number of larger adventittious roots - Shovelomics Method,Counting,Count the number of adventitious roots with diameter greater than 1.5 mm at 2cm hypocotyl,,"Lynch,",CO_340:0000863,adventitious roots,Numerical,,,,,,,,,,,,,,
,CO_340:00001058,AdvRtNo_LargeCount_Rt,,,,Recommended,,IITA,Ousmane Boukar,30-Apr-2014,EN,Cowpea,CO_340:0000704,number of basal region roots,Morphological traits,number of adventitious roots,,AdvNo,,Basal root,Number,Recommended,,CO_340:0000781,number of larger basal roots - Shovelomics Method,Counting,Count the number of basal root with greater than 1.5 mm at 2cm from hypocotyl,,"Lynch,",CO_340:0000864,basal roots,Numerical,,,,,,,,,,,,,,
,CO_340:00001059,TapLatNo_Count_Rt,,,,Recommended,,IITA,Ousmane Boukar,30-Apr-2014,EN,Cowpea,CO_340:0000705,number of tap laterals,Morphological traits,number of roots in 5-10cm below soil surface region with a diameter greater than 1.5mm at 2cm from hypocotyl that are perpendicular to the tap root,,,,1st order lateral root,Number,Recommended,,CO_340:0000782,number of larger tap laterals - Shovelomics Method,Counting,Count the number of roots in 5-10 cm below soil surface region,,"Lynch,",CO_340:0000865,roots,Numerical,,,,,,,,,,,,,,
,CO_340:00001060,3BrnchDen_Est_1to9,,,,Recommended,,IITA,Ousmane Boukar,30-Apr-2014,EN,Cowpea,CO_340:0000706,3rd order branching density,Morphological traits,3 order branching density,,3BD,,3rd order branching,Density,Recommended,,CO_340:0000783,3rd order branching density - Shovelomics Method,Estimation,Visual assessment of 3 order branching density,,,CO_340:0000866,1-9 density score,Nominal,,,,,1=Low,2=,3=,4=,5=,6=,7=,8=,9=high,
,CO_340:00001061,NodNo_Est_1to9,,,,Recommended,,IITA,Ousmane Boukar,30-Apr-2014,EN,Cowpea,CO_340:0000620,Nodule number,Agronomical traits,Number of nodules,,NodNo,,Nodule,Number,Recommended,,CO_340:0000784,nodule score - Shovelomics Method,Estimation,Visual assessment of the number of nodule per plant,,,CO_340:0000867,1-9 nodulation score,Nominal,,,,,1=Low,2=,3=,4=,5=,6=,7=,8=,9=high,
,CO_340:00001062,HvstLfWt_Sum_g,,Pedigree nurseries,,Recommended,,IITA,Ousmane Boukar,30-Apr-2014,EN,Cowpea,CO_340:0000640,Harvested leaf weight,Agronomical traits,Weight of harvested leaves,,TWL,,Harvested leaf,Weight,Recommended,,CO_340:0000567,Total leaf - Method,Computation,Weight of total leaf harvested per plot,,,CO_340:0000568,g,Numerical,,,,,,,,,,,,,,
,CO_340:00001063,HvstLfWt_Meas_g,,Pedigree nurseries,,Recommended,,IITA,Ousmane Boukar,30-Apr-2014,EN,Cowpea,CO_340:0000640,Harvested leaf weight,Agronomical traits,Weight of harvested leaves,,TWL,,Harvested leaf,Weight,Recommended,,CO_340:0000603,Leaf harvest - Method,Measurement,Weigh leaf harvested from experimental unit weekly,,,CO_340:0000604,g,Numerical,,,,,,,,,,,,,,
,CO_340:00001064,TapRtDia_5Av_mm,,,,Recommended,,IITA,Ousmane Boukar,30-Apr-2014,EN,Cowpea,CO_340:0000708,Tap root diameter,Morphological traits,tap root diameter,,RtDiam,,Root,Diameter,Recommended,,CO_340:0000785,tap root diameter at 5 - Shovelomics Method,Computation,Measure the mean of tap diameter 5cm below soil surface of 10 plants per experimental plot,,"Lynch,",CO_340:0000868,mm,Numerical,,,,,,,,,,,,,,
,CO_340:00001065,TapRtDia_10Av_mm,,,,Recommended,,IITA,Ousmane Boukar,30-Apr-2014,EN,Cowpea,CO_340:0000708,Tap root diameter,Morphological traits,tap root diameter,,RtDiam,,Root,Diameter,Recommended,,CO_340:0000786,tap root diameter at 10 - Shovelomics Method,Computation,Measure the mean of tap diameter 10cm below soil surface of 10 plants per experimental plot,,"Lynch,",CO_340:0000869,mm,Numerical,,,,,,,,,,,,,,
,CO_340:00001066,TapRtDia_15Av_mm,,,,Recommended,,IITA,Ousmane Boukar,30-Apr-2014,EN,Cowpea,CO_340:0000708,Tap root diameter,Morphological traits,tap root diameter,,RtDiam,,Root,Diameter,Recommended,,CO_340:0000787,tap root diameter at 15 - Shovelomics Method,Computation,Measure the mean of tap diameter 15cm below soil surface of 10 plants per experimental plot,,"Lynch,",CO_340:0000870,mm,Numerical,,,,,,,,,,,,,,
,CO_340:00001067,BrnchDen_5to10Count_Rt,,,,Recommended,,IITA,Ousmane Boukar,30-Apr-2014,EN,Cowpea,CO_340:0000709,Branching density,Morphological traits,Number of 1st order lateral roots whithout counting basal region roots,,BrnchDen,,1st order lateral root,Number,Recommended,,CO_340:0000788,branching density 5-10 - Shovelomics Method,Counting,Count the number of 1st order lateral roots (not including the basal root),,"Lynch,",CO_340:0000871,lateral roots,Numerical,,,,,,,,,,,,,,
,CO_340:00001068,BrnchDen_10to15Count_Rt,,,,Recommended,,IITA,Ousmane Boukar,30-Apr-2014,EN,Cowpea,CO_340:0000709,Branching density,Morphological traits,Number of 1st order lateral roots whithout counting basal region roots,,BrnchDen,,1st order lateral root,Number,Recommended,,CO_340:0000789,branching density 10-15 - Shovelomics Method,Counting,Count the number of 1st order lateral roots between 10 and 15 cm,,"Lynch,",CO_340:0000872,lateral roots,Numerical,,,,,,,,,,,,,,
,CO_340:00001069,HVDATE,,EXPERIMENT FACTOR,,Deprecated,,UC Riverside,Jeff Ehlers,30-May-2010,EN,Cowpea,CO_340:0000326,Harvest date,Agronomical traits,Date test was harvested,,HVDATE,,,,Deprecated,,CO_340:0000327,No method name found,Measurement,Record date when plot is harvested,,,CO_340:0000328,date,Date,,41883,41943,,,,,,,,,,,
,CO_340:00001070,DYSTRG,,Pedigree nurseries,,Deprecated,,IITA,Ousmane Boukar,17-Dec-2011,EN,Cowpea,CO_340:0000536,DYSTRGEM,Agronomical traits,Days to Striga Emergence,STREM,DYSTRG,,Striga,Date of emergence,Deprecated,,CO_340:0000537,No method name found,Measurement,Record the date at which the first Striga in the experimental plot emerged,,,CO_340:0000538,number,Numerical,,,,,,,,,,,,,,
,CO_340:00001071,TSDHV,,Pedigree nurseries,,Deprecated,,IITA,Ousmane Boukar,17-Dec-2011,EN,Cowpea,CO_340:0000329,TOTAL SEED HARVESTED,Agronomical traits,Total seed harvested,,TSDHV,,,,Deprecated,,CO_340:0000330,No method name found,,,,,CO_340:0000331,number,Numerical,,,,,,,,,,,,,,
,CO_340:00001072,TPDHVT,,Pedigree nurseries,,Deprecated,,IITA,Ousmane Boukar,17-Dec-2011,EN,Cowpea,CO_340:0000332,TOTAL PODS HARVESTED,Agronomical traits,Total pods harvested,,TPDHV,,,,Deprecated,,CO_340:0000333,No method name found,,,,,CO_340:0000334,number,Numerical,,,,,,,,,,,,,,
,CO_340:00001073,PODWT,,Pedigree nurseries,,Deprecated,,IITA,Ousmane Boukar,17-Dec-11,EN,Cowpea,CO_340:0000335,Pod weight per plot,Agronomical traits,Pod weight per plot,,PODWT,,,,Deprecated,,CO_340:0000336,No method name found,,,,,CO_340:0000337,grams,Numerical,,,,,,,,,,,,,,
,CO_340:00001074,PODPED,,Pedigree nurseries,,Deprecated,,IITA,Ousmane Boukar,17-Dec-11,EN,Cowpea,CO_340:0000353,Pods per peduncule,Agronomical traits,Number of Pods per peduncle - Recorded under total insect control. Average number of 10 randomly selected peduncles,,PODPED,,,,Deprecated,,CO_340:0000354,No method name found,,,,,CO_340:0000355,number,Numerical,,,,,,,,,,,,,,
,CO_340:00001075,DISES,,Pedigree nurseries,,Deprecated,,IITA,Ousmane Boukar,17-Dec-11,EN,Cowpea,CO_340:0000305,DISEASES,Biotic stress traits,Disease score,,DISES,,Diseases,Damage,Deprecated,,CO_340:0000306,No method name found,,,,,CO_340:0000307,No scale name found,,,,,,,,,,,,,,,
,CO_340:00001076,TPDHV,,Pedigree nurseries,,Deprecated,,IITA,Ousmane Boukar,17-Dec-11,EN,Cowpea,CO_340:0000458,TOTAL PODS,Agronomical traits,Total pods harvested,,TPDHV,,,,Deprecated,,CO_340:0000459,No method name found,,Total Weight of harvested pod per plot,,,CO_340:0000460,gram,Numerical,,0,5000,,,,,,,,,,,
,CO_340:00001077,PDWT,,Pedigree nurseries/trials,,Deprecated,,IITA,Ousmane Boukar,17-Dec-11,EN,Cowpea,CO_340:0000284,PODS KG/H,Agronomical traits,POD weight Kg/ha,,PDWT,,,,Deprecated,,CO_340:0000285,No method name found,,Weighing,,,CO_340:0000286,No scale name found,,,1.3,2872,,,,,,,,,,,
,CO_340:00001078,BB,,Pedigree nurseries,,Deprecated,,UC Riverside,Jeff Ehlers,30-May-10,EN,Cowpea,CO_340:0000452,Resistance to bacterial blight (X. vignicola),Biotic stress traits,Resistance to bacterial blight (Xanthomonas vignicola),,BB,,Bacterial blight,Resistance,Deprecated,,CO_340:0000453,No method name found,,"Visual rating of % affected leaf area, 0 - 10 score",,,CO_340:0000454,No scale name found,,,,,,,,,,,,,,,
,CO_340:00001079,INSCT,,Pedigree nurseries,,Deprecated,,IITA,Ousmane Boukar,17-Dec-2011,EN,Cowpea,CO_340:0000311,INSECTS,Biotic stress traits,Insect infestation,,INST,,Insects,Abundance,Deprecated,,CO_340:0000312,No method name found,,,,,CO_340:0000313,number,Numerical,,,,,,,,,,,,,,
,CO_340:00001080,PODN,,Pedigree nurseries,,Deprecated,,UC Riverside,Jeff Ehlers,30-May-2010,EN,Cowpea,CO_340:0000449,Pods per plot,Agronomical traits,Pods per plot,,PODN,,,,Deprecated,,CO_340:0000450,No method name found,,Count of pods per plant for ten plants,,,CO_340:0000451,number,Numerical,,,,,,,,,,,,,,
,CO_340:00001081,GRPODK,,Pedigree nurseries,,Deprecated,,IITA,Ousmane Boukar,17-Dec-2011,EN,Cowpea,CO_340:0000371,GRPODKGH,Agronomical traits,Grain and Pod weight in kg/ha,,GRPODK,,,,Deprecated,,CO_340:0000372,No method name found,,,,,CO_340:0000373,kg/ha,Numerical,,,,,,,,,,,,,,
,CO_340:00001082,BLCMV_Est_0to4,,Pedigree nurseries,,Deprecated,,UC Riverside,Jeff Ehlers,30-May-2010,EN,Cowpea,CO_340:0000377,Blackeye cowpea mosaic virus,Biotic stress traits,Resistance to blackeye cowpea mosaic virus,,BLCMV,,Blackeye cowpea mosaic virus,Resistance,Deprecated,,CO_340:0000378,No method name found,,Visual rating,,,CO_340:0000379,0-4 visual score,Ordinal,,,,,0=no symptoms,1=mild symptoms,2=moderate symptoms,3=heavy infestation,4=heavy devastating severity,,,,,
,CO_340:00001083,PALCT,,Pedigree nurseries,,Deprecated,,IITA,Ousmane Boukar,17-Dec-2011,EN,Cowpea,CO_340:0000461,PLOT INFECTED WITH ALECTRA,Biotic stress traits,Presence or Absence of Alectra,,PALCT,,Alectra,Presence,Deprecated,,CO_340:0000462,No method name found,,,,,CO_340:0000463,number,Numerical,,,,,,,,,,,,,,
,CO_340:00001084,ALPERP,,Pedigree nurseries,,Deprecated,,IITA,Ousmane Boukar,17-Dec-2011,EN,Cowpea,CO_340:0000632,ALPERPLT,Agronomical traits,Alectra per plot,,ALPERP,,Alectra,Number,Deprecated,,CO_340:0000633,No method name found,Counting,Count the number of Alectra in the experimental plot 9 weeks after planting,,,CO_340:0000634,No scale name found,,,,,,,,,,,,,,,
,CO_340:00001085,RESMIN,,Pedigree nurseries,,Deprecated,,IITA,Ousmane Boukar,17-Dec-2011,EN,Cowpea,CO_340:0000542,Resistance to M. incognita root knot nematode,Biotic stress traits,Resistance to M. incognita root knot nematode,,RESMIN,,M. incognita root knot nematode,Resistance,Deprecated,,CO_340:0000543,No method name found,,,,,CO_340:0000544,No scale name found,,,,,,,,,,,,,,,
,CO_340:00001086,RSMICG,,Pedigree nurseries,,Deprecated,,UC Riverside,Jeff Ehlers,30-May-2010,EN,Cowpea,CO_340:0000557,M. incognita root knot nematode,Biotic stress traits,Resistance to M. incognita root knot nematode,,RSMICG,,M. incognita root knot nematode,Resistance,Deprecated,,CO_340:0000558,No method name found,,Pouch Screening in growth chamber,,,CO_340:0000559,No scale name found,,,,,,,,,,,,,,,
,CO_340:00001087,PPTP,,Pedigree nurseries,,Deprecated,,IITA,Ousmane Boukar,17-Dec-11,EN,Cowpea,CO_340:0000578,PERCENT PROTEIN,Agronomical traits,PERCENT PROTEIN,,PPTP,,,,Deprecated,,CO_340:0000579,No method name found,,,,,CO_340:0000580,percent,Numerical,,,,,,,,,,,,,,
,CO_340:00001088,STRGDR,,Pedigree nurseries,,Deprecated,,IITA,Ousmane Boukar,17-Dec-2011,EN,Cowpea,CO_340:0000626,STRGDRWT,Agronomical traits,Striga dry weight,,STRGDR,,Striga,Weight,Deprecated,,CO_340:0000627,No method name found,Computation,Averaged weigh of 5 or 10 random Striga plants per experimental plot,,,CO_340:0000628,kg/ha,Numerical,,,,,,,,,,,,,,
,CO_340:00001089,RSMJAV,,Pedigree nurseries,,Deprecated,,UC Riverside,Jeff Ehlers,30-May-2010,EN,Cowpea,CO_340:0000599,Resistance to M. javanica root knot nematode,Biotic stress traits,Resistance to M. javanica root knot nematode,,RSMJAV,,M. javanica root knot nematode,Resistance,Deprecated,,CO_340:0000600,No method name found,,Pouch Screening in growth chamber,,,CO_340:0000601,No scale name found,,,,,,,,,,,,,,,
,CO_340:00001090,HDWT,,Pedigree nurseries,,Deprecated,,IITA,Ousmane Boukar,17-Dec-2011,EN,Cowpea,CO_340:0000605,HEAD WEIGHT,Agronomical traits,HEAD WEIGHT,,HDWT,,,,Deprecated,,CO_340:0000606,No method name found,,,,,CO_340:0000607,kg/ha,Numerical,,,,,,,,,,,,,,
,CO_340:00001091,ZnConcSd_AAS_mgkg,,Pedigree nurseries,,Recommended,,"IAR, Samaru",Muhammad Lawan Umar,29-juin-15,EN,Cowpea,CO_340:0000608,Zinc concentration,Quality traits,Zinc concentration in the seed,dry fodder yield,ZNCONC,,Grain,Zinc concentration,Recommended,,CO_340:0000609,Atomic Absorption Spectrophotometry,Measurement,Atomic Absorption Spectrophotometry (AAS),,,CO_340:0000610,mg/kg,Numerical,,,,,,,,,,,,,,
,CO_340:00001092,IConcSd_AAS_mgkg,,Pedigree nurseries,,Recommended,,"IAR, Samaru",Muhammad Lawan Umar,29-juin-15,EN,Cowpea,CO_340:0000611,Iron concentration,Quality traits,Iron concentration in the seed,,ICONC,,Grain,Iron concentration,Recommended,,CO_340:0000612,Atomic Absorption Spectrophotometry,Measurement,Atomic Absorption Spectrophotometry (AAS),,,CO_340:0000613,mg/kg,Numerical,,,,,,,,,,,,,,
,CO_340:00001093,ZnConcLf_AAS_mgkg,,Pedigree nurseries,,Recommended,,IITA,Ousmane Boukar,06-juil-15,EN,Cowpea,CO_340:0000879,Zinc concentration,Quality traits,Zinc concentration in the leaf,,ZNCONC,,Leaf,Zinc concentration,Recommended,,CO_340:0000609,Atomic Absorption Spectrophotometry,Measurement,Atomic Absorption Spectrophotometry (AAS),,,CO_340:0000610,mg/kg,Numerical,,,,,,,,,,,,,,
,CO_340:00001094,IConcLf_AAS_mgkg,,Pedigree nurseries,,Recommended,,IITA,Ousmane Boukar,06-juil-15,EN,Cowpea,CO_340:0000890,Iron concentration,Quality traits,Iron concentration in the leaf,,ICONC,,Grain,Iron concentration,Recommended,,CO_340:0000612,Atomic Absorption Spectrophotometry,Measurement,Atomic Absorption Spectrophotometry (AAS),,,CO_340:0000613,mg/kg,Numerical,,,,,,,,,,,,,,
,CO_340:0000891,FlwT_50FlwCount_days,,Pedigree nurseries,,Recommended,,IITA,Ousmane Boukar,17-Dec-2011,EN,Cowpea,CO_340:0000233,Flowering time,Phenological traits,Flowering time,,FlwT,,Plant,Flowering time,Recommended,,CO_340:0000234,Days to 50% flowering - Method,Counting,Count the number of days between planting and the time when 50% of plants in a plot have flowered. The state of flowering is visually assessed in the field,,"V. Mahalakshmi et al, Pl Gen Res: Char&Utilization, Vol. 5, NIAB, 2007",CO_340:0000235,days,Duration,,30,56,,,,,,,,,,,
,CO_340:0000892,MatT_95MatCount_days,,Pedigree nurseries,,Recommended,,IITA,Ousmane Boukar,17-Dec-2011,EN,Cowpea,CO_340:0000236,Maturity time,Phenological traits,Time to maturity,,MatT,,Plant,Days to 95% maturity,Recommended,,CO_340:0000237,Days to 95% maturity - Method,Counting,number of days from planting to when 95% of plants have mature pods. The maturity stage is visually assessed,,"V. Mahalakshmi et al, Pl Gen Res: Char&Utilization, Vol. 5, NIAB, 2007",CO_340:0000238,days,Duration,,61,130,,,,,,,,,,,
,CO_340:0000893,SdPod_Av_sdpod,,Pedigree nurseries,,Recommended,,UC Riverside,Jeff Ehlers,30-May-2010,EN,Cowpea,CO_340:0000239,Seed per pod,Agronomical traits,Number of seed per pod,,SEEDPOD,,Seed,Number per pod,Recommended,,CO_340:0000240,Seed per pod - Method,Computation,Average number of seeds per pod from 20 random pod samples per plot,,,CO_340:0000241,seed/pod,Numerical,,5,10,,,,,,,,,,,
,CO_340:0000894,YLDPLANT,GrYld_PerPlnt_gPlnt,Pedigree nurseries,,Deprecated,,IITA,Ousmane Boukar,17-Dec-2011,EN,Cowpea,CO_340:0000242,Grain yield per plant,Agronomical traits,Harvested grain weight,,YLDPLANT,,Grain,Yield,Deprecated,,CO_340:0000243,Grain yield per plant - Method,Computation,Divide the plot grain yield by the number of plants in the plot,,,CO_340:0000244,g/plant,Numerical,,0.1,95,,,,,,,,,,,
,CO_340:0000895,YLDPLOT,,Pedigree nurseries,,Standard IITA,,IITA,Ousmane Boukar,17-Dec-2011,EN,Cowpea,CO_340:0000245,Grain yield per plot,Agronomical traits,Harvested grain weight,,YLDPLOT,,Grain,Yield,Standard IITA,,CO_340:0000246,Grain yield per plot - Method,Measurement,Actual measurement of the weight of the grain harvested from a plot,,,CO_340:0000247,g,Numerical,,1,667,,,,,,,,,,,
,CO_340:0000896,GrYld_PerPlnt_gPlnt,YLDPLANT,Pedigree nurseries,,Recommended,,IITA,Ousmane Boukar,29-May-2015,EN,Cowpea,CO_340:0000638,Grain yield,Agronomical traits,Harvested grain weight,,GrYld,,Grain,Yield,Recommended,,CO_340:0000243,Grain yield per plant - Method,Computation,Divide the plot grain yield by the number of plants in the plot,,,CO_340:0000244,g/plant,Numerical,,0.1,95,,,,,,,,,,,
,CO_340:0000897,GrYld_PerPlot_g,YLDPLOT,Pedigree nurseries,,Recommended,,IITA,Ousmane Boukar,29-May-2015,EN,Cowpea,CO_340:0000638,Grain yield,Agronomical traits,Harvested grain weight,,GrYld,,Grain,Yield,Recommended,,CO_340:0000246,Grain yield per plot - Method,Measurement,Actual measurement of the weight of the grain harvested from a plot,,,CO_340:0000247,g,Numerical,,1,667,,,,,,,,,,,
,CO_340:0000898,GrYld_Plnt_g,YLDPLOT,Pedigree nurseries,,Recommended,,IITA,Ousmane Boukar,29-May-2015,EN,Cowpea,CO_340:0000638,Grain yield,Agronomical traits,Harvested grain weight,,GrYld,,Grain,Yield,Recommended,,CO_340:0000873,Grain yield of a single plant - Method,Measurement,Actual measurement of the weight of the grain harvested from a representative plant of a plot,,,CO_340:0000874,g,Numerical,,1,667,,,,,,,,,,,
,CO_340:0000899,PlntStHvst_Count_Plnt,,Pedigree nurseries,,Recommended,,IITA,Ousmane Boukar,17-Dec-2011,EN,Cowpea,CO_340:0000248,Plant stand at harvest,Agronomical traits,Number of plants plot unit at harvest,"Head count, Net stand,",PSTAND,,Plant,Number,Recommended,,CO_340:0000249,Plant stand - Method,Counting,By counting the number of plants in an experimental plot at harvest,,"(BBSingh, 97)",CO_340:0000250,plants,Numerical,,0,84,,,,,,,,,,,
,CO_340:0000900,PlntStEmg_Count_Plnt,,Pedigree nurseries,,Recommended,,IITA,Ousmane Boukar,30-Apr-2014,EN,Cowpea,CO_340:0000639,Plant stand at emergence,Agronomical traits,Number of plants germinated within one week after planting,"Plants germinated, Hills with plants emerged",GERM,,Plant,Number,Recommended,,CO_340:0000710,Plant stand at emergence - Method,Counting,Count number of plants emerged in the experimental plot one week after planting,,,CO_340:0000790,plants,Numerical,,0,84,,,,,,,,,,,
,CO_340:0000901,BBSev_Est_0to4,,Pedigree nurseries,,Recommended,,IITA,Ousmane Boukar,17-Dec-2011,EN,Cowpea,CO_340:0002640,Bacterial blight (X. vignicola) severity,Biotic stress traits,Severity of the bacteria blight symptoms caused by X. vignicola,,BCTBLT,,Bacterial blight,Severity,Recommended,,CO_340:0000252,Bacterial blight (X. vignicola) scoring - Method,Estimation,Visual rating of bacterial blight affected leaf area,,"(BB.Singh,1997)",CO_340:0000253,0-4 score,Ordinal,,,,,0=no symptoms,1=mild symptoms,2=moderate symptoms,3=heavy infestation,4=heavy devastating severity,,,,,
,CO_340:0000902,PodYld_Wgh_g,,Pedigree nurseries,,Recommended,,UC Riverside,Jeff Ehlers,30-May-2010,EN,Cowpea,CO_340:0003641,Pod yield,Agronomical traits,Weight of harvested pods,,PODWT,,Pod,Yield,Recommended,,CO_340:0000255,Pod yield per plot - Method,Measurement,Weight of harvested pods from a plot,,,CO_340:0000256,g,Numerical,,0,1000,,,,,,,,,,,
,CO_340:0000903,BiomDWtFlw_Av_g,,Pedigree nurseries,,Recommended,,UC Riverside,Jeff Ehlers,30-May-2010,EN,Cowpea,CO_340:0004642,Fodder biomass at Flowering,Agronomical traits,"Fodder biomass i.e., above ground biomass excluding the pods, at 50% Flowering",,FODMID,,Fodder,Dry biomass at flowering,Recommended,,CO_340:0000258,Biomass at Flowering - Method,Computation,"Trait measured by cutting 10 plants at ground level per plot at 50% Flowering, oven drying and weighing biomass",,,CO_340:0000259,g,Numerical,,0.5,1000,,,,,,,,,,,
,CO_340:0000904,SdWt_Wgh_g,100SDWT,Pedigree nurseries,,Recommended,,IITA,Ousmane Boukar,17-Dec-2011,EN,Cowpea,CO_340:0005643,Seed weight,Agronomical traits,Weight of seeds,,SdWt,,Seed,Weight,Recommended,,CO_340:0000261,100 seed weight - Method,Measurement,Weight of 100 random seeds at 12% moisture,,,CO_340:0000262,g,Numerical,,0.01,23,,,,,,,,,,,
,CO_340:0000905,BiomDWtMat_Av_g,,Pedigree nurseries,,Recommended,,UC Riverside,Jeff Ehlers,30-May-2010,EN,Cowpea,CO_340:0006644,Biomass at Maturity,Agronomical traits,"Fodder biomass i.e., above ground biomass excluding the pods, at 90% maturity",,FODMAT,,Fodder,Dry biomass at maturity,Recommended,,CO_340:0000264,Biomass at Maturity - Method,Computation,"Trait measured by cutting 10 plants at ground level per plot at at 90% plant maturity, oven drying and weighing biomass",,,CO_340:0000265,g,Numerical,,20,1150,,,,,,,,,,,
,CO_340:0000906,FlwAbsc_Est_0to4,,Pedigree nurseries,,Recommended,,UC Riverside,Jeff Ehlers,30-May-2010,EN,Cowpea,CO_340:0007645,Floral abscision,Abiotic stress traits,Floral abscision,,DTFLWRAB,,Pod,Number,Recommended,,CO_340:0000267,Floral abscision score - Method,Estimation,Estimate the average number of pods per peduncle under insect-protected and droughted conditions,,,CO_340:0000268,0-4 visual score,Ordinal,,,,,0=no pods,1=1 pods/peduncle,2=2 pods/peduncle,3=3 pods/peduncle,4=4 pods/peduncle,,,,,
,CO_340:0000907,HvstLf_Wgh_g,,,,Recommended,,IITA,Ousmane Boukar,30-Apr-2014,EN,Cowpea,CO_340:0000640,Harvested leaf weight,Agronomical traits,Weight of harvested leaves,,TWL,,Harvested leaf,Weight,Recommended,,CO_340:0000711,Total weight of leaves - Method,Measurement,"Pick young succulent leaves from experimental plot beginning 3rd week after planting, and at weekly interval thereafter and stop harvesting when 50% of plants in the plot have started to flower. Weigh the amount of leaves harvested leaves each week.",,,CO_340:0000791,g,Numerical,,0,1000,,,,,,,,,,,
,CO_340:0000908,SdSen_Est_0to4,,Pedigree nurseries,,Recommended,,UC Riverside,Jeff Ehlers,30-May-2009,EN,Cowpea,CO_340:0000269,Drought induced senescence,Abiotic stress traits,Plant senescence due to drought,,FLDSN,,Plant,Drough induced senescence,Recommended,,CO_340:0000270,Drought induced senescence - Method,Estimation,Visual assessment of degree of senescence following imposed drought,,"Muchero et al., 2008",CO_340:0000271,0-4 visual score,Ordinal,,,,,0=No leaf tip senescence,1=minor leaf senescence,2=moderate leaf senescence,3=heavy leaf senscence,4=completely senesced,,,,,
,CO_340:0000909,SdCPat_Est_1to6,,Pedigree nurseries,,Recommended,,UC Riverside,Jeff Ehlers,30-May-2010,EN,Cowpea,CO_340:0000272,Seed coat pattern,Quality traits,Seedcoat pattern,,SDPATRN,,Seed coat,Pattern,Recommended,,CO_340:0000273,Seed coat pattern - Method,Estimation,Visual assessment of seed coat pattern,,"V. Mahalakshmi et al, Pl Gen Res: Char&Utilization, Vol. 5, NIAB, 2007",CO_340:0000274,Pattern,Nominal,,,,,1=BE=blackeye,"2=H=holstein,",3=P=pinto,4=S=solid,5=SP=speckled,6=M=mottled,,,,
,CO_340:0000910,VirSev_Est_1to5,,Pedigree nurseries,,Recommended,,IITA,Ousmane Boukar,17-Dec-2011,EN,Cowpea,CO_340:0000275,Virus Severity,Biotic stress traits,Severity of symptoms caused by viruses,,VIRSEV,,Virus,Severity,Recommended,,CO_340:0000276,Virus Severity - Method,Estimation,Visual rating of affected leaf area within a plot,,,CO_340:0000277,1-5 visual score,Ordinal,,,,,1=no infected leaves (very resistant),2=very few leaves with mild infection (resistant),3= very few leaves with severe infection (tolerant),4=many leaves with mild infection (susceptible),5=many leaves with severe infection (very susceptible),,,,,
,CO_340:0000911,VirSev_Est_Pct,,Pedigree nurseries,,Recommended,,IITA,Ousmane Boukar,17-Dec-2011,EN,Cowpea,CO_340:0000278,Virus Incidence,Biotic stress traits,Proportion of plant infected by virus,,VIRINC,,Virus,Incidence,Recommended,,CO_340:0000279,Virus Incidence - Method,Estimation,Visual estimation of portion of plant infected by virus per plot,,,CO_340:0000280,%,Numerical,,0,100,,,,,,,,,,,
,CO_340:0000912,BrBltchInf_Est_0to4,,Pedigree nurseries/trials,,Recommended,,IITA,Ousmane Boukar,17-Dec-2011,EN,Cowpea,CO_340:0000281,Brown blotch,Biotic stress traits,Infestation by Brown blotch,,BRBL,,Brown blotch,Infestation,Recommended,,CO_340:0000282,Brown blotch - Method,Estimation,Visual rating of affected leaf area,,,CO_340:0000283,0-4 visual score,Ordinal,,,,,0=infestation,1=mild infestation,2=moderate infestation,3=heavy infestation,4=heavy devastating infestation,,,,,
,CO_340:0000913,StrRes_Est_1to5,StrParPlnt_Est_1to5,Pedigree nurseries,,Standard UC Riverside,,UC Riverside,Jeff Ehlers,30-May-2010,EN,Cowpea,CO_340:0000290,Resistance to Striga gesnerioides,Biotic stress traits,Resistance to Striga gesnerioides parasitic weed.,PLOT INFECTED WITH STRIGA,STRRES,,Plant parasited by Striga,Number,Standard UC Riverside,,CO_340:0000291,Resistance to Striga gesnerioides - Method,Estimation,Visual assessment of the presence of Striga plant per plot,,,CO_340:0000292,1-5 score,Ordinal,,,,,1=no striga emerged (Very resistant),2=few striga emerged (moderately resistant),3= few plants with striga emerged (tolerant),4= many plants with striga emerged (susceptible),5=many plant with several plant of striga emerged (Very susceptible),,,,,
,CO_340:0000914,HI_Comp_ratio,,Pedigree nurseries,,Recommended,,UC Riverside,Jeff Ehlers,30-May-2010,EN,Cowpea,CO_340:0000293,Harvest index,Agronomical traits,Ratio of grain weight over plant biomass,Plant biomass partitioning,HI,,Plant,Biomass partitioning,Recommended,,CO_340:0000294,Harvest index - Method,Computation,Calculated by making the ratio of PLOT grain weight total BIOMASS weight at Harvest,,,CO_340:0000295,index,Numerical,,0,1,,,,,,,,,,,
,CO_340:0000915,CAMVSev_Est0to4,,Pedigree nurseries,,Recommended,,UC Riverside,Jeff Ehlers,30-May-2010,EN,Cowpea,CO_340:0000296,Cowpea aphid-borne mosaic virus severity,Biotic stress traits,Severity of the symtoms caused by cowpea aphid-borne mosaic virus,,CAMV,,Cowpea aphid-borne mosaic virus,Severity,Recommended,,CO_340:0000297,Cowpea aphid-borne mosaic virus - Method,Estimation,Visual rating of overal frequency and severity of the aphid-borne mosaic virus infection,,,CO_340:0000298,0-4 visual score,Ordinal,,,,,0=no symptoms,1=mild symptoms,2=moderate symptoms,3=heavy infestation,4=heavy devastating severity,,,,,
,CO_340:0000916,ThrpDamPod_Est_0to4,,Pedigree nurseries,,Recommended,,UC Riverside,Jeff Ehlers,30-May-2010,EN,Cowpea,CO_340:0000299,Thrip damage to podset,Biotic stress traits,Damage to podset caused by thrips,,THRIPDAM,,Thrips,Damage on pod,Recommended,,CO_340:0000300,Thrip damage to podset - Method,Estimation,Visual rating of the reduction in pods per plant under thrip pressure compared to control overall podset,,"Muchero et al., 2010",CO_340:0000301,0-4 visual score,Ordinal,,,,,0=no pods,1=1 pods/peduncle,2=2 pods/peduncle,3=3 pods/peduncle,4=4 pods/peduncle,,,,,
,CO_340:0000917,PodNo_Av_PodPed,,Pedigree nurseries,MAT95,Recommended,,UC Riverside,Jeff Ehlers,30-May-2010,EN,Cowpea,CO_340:0000302,Pods per peduncule,Agronomical traits,number of pods per peduncles,,PODPED,,Pod,Number per peduncle,Recommended,,CO_340:0000303,Pods per peduncule - Method,Computation,Count of pods on each peduncle on each of ten plants at MAT95,,"V. Mahalakshmi et al, Pl Gen Res: Char&Utilization, Vol. 5, NIAB, 2007",CO_340:0000304,pods/peduncle,Numerical,,1,4,,,,,,,,,,,
,CO_340:0000918,MarDam_EstSymp_1to4,,Pedigree nurseries,,Recommended,,IITA,Ousmane Boukar,17-Dec-2011,EN,Cowpea,CO_340:0000308,Maruca damage,Biotic stress traits,Pod damage caused by Maruca (insect) attack,"Maruca resistance, Resistance to Maruca",MARUCA,,Maruca,Damage,Recommended,,CO_340:0000309,Maruca damage - Method,Estimation,Visual rating of damage caused by maruca (insect),,,CO_340:0000310,0-4 visual score,Ordinal,,,,,0=no symptoms,1=mild symptoms,2=moderate symptoms,3=heavy infestation,4=heavy devastating severity,,,,,
,CO_340:0000919,PodSBSev_Est_0to4,,Pedigree nurseries,,Recommended,,IITA,Ousmane Boukar,17-Dec-2011,EN,Cowpea,CO_340:0000317,Pod sucking bug severity,Biotic stress traits,Severity of pod sucking bug symptoms,,PODSB,,Pod sucking bug,Severity,Recommended,,CO_340:0000318,Pod sucking bug - Method,Estimation,Visual assessment of pod damage per plot,,,CO_340:0000319,0-4 visual score,Ordinal,,,,,0=no symptoms,1=mild symptoms,2=moderate symptoms,3=heavy infestation,4=heavy devastating severity,,,,,
,CO_340:0000920,StrNo_CountHvst_Striga,,Pedigree nurseries,,Recommended,,IITA,Ousmane Boukar,17-Dec-2011,EN,Cowpea,CO_340:0000320,Number of Striga,Biotic stress traits,Number of striga emerged,,StrNo,,Striga,Number,Recommended,,CO_340:0000321,Striga count at harvest - Method,Counting,Count number of striga plant in the experimental plot at harvest,,,CO_340:0000322,strigas/plot,Numerical,,0,500,,,,,,,,,,,
,CO_340:0000921,BECMVSev_Est_0to4,,Pedigree nurseries,,Recommended,,IITA,Ousmane Boukar,17-Dec-2011,EN,Cowpea,CO_340:0000323,Blackeye cowpea mosaic virus severity,Biotic stress traits,Severity of the symtoms caused by cowpea blackeye mosaic virus,,BLCMV,,Blackeye cowpea mosaic virus,Severity,Recommended,,CO_340:0000324,Blackeye cowpea mosaic virus - Method,Estimation,Visual rating of overal frequency and severity of the Blackeye mosaic virus infection,,,CO_340:0000325,0-5 score,Ordinal,,,,,0=no symptoms,1=mild symptoms,2=moderate symptoms,3=heavy infestation,4=heavy devastating severity,,,,,
,CO_340:0000922,BactPustDam_Est_1to5,,Pedigree nurseries,,Recommended,,IITA,Ousmane Boukar,17-Dec-2011,EN,Cowpea,CO_340:0000338,Bacteria pustule,Biotic stress traits,Damage caused by bacteria pustule,,BACTPUST,,Bacteria pustule,Damage,Recommended,,CO_340:0000339,Bacteria pustule - Method,Estimation,Visual rating of bacteria pustule affected leaf area,,,CO_340:0000340,1-5 visual score,Ordinal,,,,,1=no infected leaves (very resistant),2=very few leaves with mild infection (resistant),3= very few leaves with severe infection (tolerant),4=many leaves with mild infection (susceptible),5=many leaves with severe infection (very susceptible),,,,,
,CO_340:0000923,Tto1Flw_Count_d,,Pedigree nurseries,,Recommended,,IITA,Ousmane Boukar,17-Dec-2011,EN,Cowpea,CO_340:0000341,Time to first flower,Phenological traits,Time elapsed from planting to first flowering,,Tto1stFlw,,Plant,Time to first flower,Deprecated,,CO_340:0000342,Days to first flower - Method,Counting,Count number of days from planting to the first appearance of flower in a plot,,,CO_340:0000343,days,Duration,,25,53,,,,,,,,,,,
,CO_340:0000924,FlwT_FFlwCount_d,,Pedigree nurseries,,Recommended,,IITA,Ousmane Boukar,17-Dec-2011,EN,Cowpea,CO_340:0000233,Flowering time,Phenological traits,Flowering time,,FlwT,,Plant,Flowering time,Recommended,,CO_340:0000342,Days to first flower - Method,Counting,Count number of days from planting to the first appearance of flower in a plot,,,CO_340:0000343,days,Duration,,25,53,,,,,,,,,,,
,CO_340:0000925,Tto1MatPod_Count_d,,Pedigree nurseries,,Recommended,,IITA,Ousmane Boukar,17-Dec-2011,EN,Cowpea,CO_340:0000344,Time to first mature pod,Phenological traits,Time elapsed of days from planting to first pod maturity,,Tto1MatPod,,Plant,Time to first mature pod,Recommended,,CO_340:0000345,Days to 1st pod maturity - Method,Counting,Count number of days from planting to first appearance of mature pod in a plot,,,CO_340:0000346,days,Duration,,40,100,,,,,,,,,,,
,CO_340:0000926,MatT_1PCount_d,,Pedigree nurseries,,Recommended,,IITA,Ousmane Boukar,17-Dec-2011,EN,Cowpea,CO_340:0000236,Maturity time,Phenological traits,Time to maturity,,MatT,,Plant,Days to 95% maturity,Recommended,,CO_340:0000345,Days to 1st pod maturity - Method,Counting,Count number of days from planting to first appearance of mature pod in a plot,,,CO_340:0000346,days,Duration,,40,100,,,,,,,,,,,
,CO_340:0000927,PodPlnt_Av_PodPlnt,,Pedigree nurseries,,Recommended,,IITA,Ousmane Boukar,17-Dec-2011,EN,Cowpea,CO_340:0000356,Pod per plant,Agronomical traits,Number of pods per plant,,PODPLA,,Pod,Number per plant,Recommended,,CO_340:0000357,Pod per plant - Method,Computation,Count the number of pod on 10 plants from experimental plot and compute the average,,,CO_340:0000358,pods/plants,Numerical,,0,50,,,,,,,,,,,
,CO_340:0000928,StrParPlnt_Est_1to5,StrRes_Est_1to5,Pedigree nurseries,,Recommended,,IITA,Ousmane Boukar,17-Dec-2011,EN,Cowpea,CO_340:0000359,Plant infected with Striga,Biotic stress traits,Number of plant infested by Striga,Resistance to Striga gesnerioides,PLSTRG,,Plant parasited by Striga,Number,Recommended,,CO_340:0000360,Plot infected with Striga - Method,Estimation,Visual assessment of the presence of emerged Striga plant per plot,,,CO_340:0000361,1-5 score,Ordinal,,,,,1=no striga emerged (Very resistant),2=few striga emerged (moderately resistant),3= few plants with striga emerged (tolerant),4= many plants with striga emerged (susceptible),5=many plant with several plant of striga emerged (Very susceptible),,,,,
,CO_340:0000929,ThripResFlw_Est_1to9,,Pedigree nurseries,,Curation,,IITA,Ousmane Boukar,17-Dec-2011,EN,Cowpea,CO_340:0000362,Thrip Resistance,Biotic stress traits,Resistance to Thrips,,THRIPS,"THRIPSTIP,",Thrips,Resistance,Recommended,,CO_340:0000363,Thrips Resistance - Method,Estimation,Visual assessment of the resistance to thrips,,,CO_340:0000364,1-9 visual score,,,,,,,,,,,,,,,
,CO_340:0000930,WebBDam_Est_1to5,,Pedigree nurseries,,Recommended,,IITA,Ousmane Boukar,17-Dec-2011,EN,Cowpea,CO_340:0000365,Web blight damage,Biotic stress traits,Damage caused by WEB BLIGHT,,WEBB,,Web blight,Damage,Recommended,,CO_340:0000366,Web blight - Method,Estimation,Visual assessment of web blight affected leaf area per plot,,,CO_340:0000367,1-5 visual score,Ordinal,,,,,1=no infected leaves (very resistant),2=very few leaves with mild infection (resistant),3= very few leaves with severe infection (tolerant),4=many leaves with mild infection (susceptible),5=many leaves with severe infection (very susceptible),,,,,
,CO_340:0000931,StmRtDam_Est_1to5,,Pedigree nurseries,,Recommended,,IITA,Ousmane Boukar,17-Dec-2011,EN,Cowpea,CO_340:0000368,Stem rot damage,Biotic stress traits,Damage caused by Stem rot,,STMRT,,Stem rot,Damage,Recommended,,CO_340:0000369,Stem rot - Method,Estimation,Visual assessment of stem rot affected leaf area per plot,,,CO_340:0000370,1-5 visual score,Ordinal,,,,,1=no infected leaves (very resistant),2=very few leaves with mild infection (resistant),3= very few leaves with severe infection (tolerant),4=many leaves with mild infection (susceptible),5=many leaves with severe infection (very susceptible),,,,,
,CO_340:0000932,Thrs_Comp_Pct,,Pedigree nurseries,,Standard IITA,,IITA,Ousmane Boukar,17-Dec-2011,EN,Cowpea,CO_340:0000374,Threshability,Quality traits,How easy it is to separate the seed from the shafts,,THRS,,Grain,Threshability,Standard IITA,,CO_340:0000375,Threshability - Method,Computation,Percentage score of well polished seeds compared to others in the sample.,,,CO_340:0000376,%,Numerical,,50,99,,,,,,,,,,,
,CO_340:0000933,StrEmDat_Meas_Date,,Pedigree nurseries,,Recommended,,IITA,Ousmane Boukar,17-Dec-2011,EN,Cowpea,CO_340:0000314,Date of Striga emergence,Biotic stress traits,Date of Striga emergence,,STREM,DFSE,Striga,Date of emergence,Recommended,,CO_340:0000315,Date of Striga emergence - Method,Measurement,Record date on which first Striga emergence is noticed in a plot,,,CO_340:0000316,number,Date,,41835,41943,,,,,,,,,,,
,CO_340:0000934,FusWltR3_Est_0to4,,Pedigree nurseries,,Recommended,,UC Riverside,Jeff Ehlers,30-May-2010,EN,Cowpea,CO_340:0000380,Fusarium wilt Race 3 damage,Biotic stress traits,Damage caused by Fusarium wilt Race 3,,FUSWILTR3,,Fusarium wilt Race 3,Damage,Recommended,,CO_340:0000381,Fusarium wilt Race 3 - Method,Estimation,Visual rating of wilting/stunting/health 3 weeks after root-clip-dip innoculation with Fusarium race 3,,"Pottorff, 2009",CO_340:0000382,0-4 visual score,Ordinal,,,,,0=No visible infection,1=very slight wilting,2=moderte wilting and necrosis,3=high wilting and necrosis,4=plant dead or near death,,,,,
,CO_340:0000935,FusWltR4_Est_0to4,,Pedigree nurseries,,Recommended,,UC Riverside,Jeff Ehlers,30-May-2010,EN,Cowpea,CO_340:0000383,Fusarium wilt Race 4 damage,Biotic stress traits,Damage caused by Fusarium wilt Race 4,,FUSWILTR4,,Fusarium wilt Race 4,Damage,Recommended,,CO_340:0000384,Fusarium wilt Race 4 - Method,Estimation,Visual rating of wilting/stunting/health 3 weeks after root-clip-dip innoculation,,"Pottorff, 2009",CO_340:0000385,0-4 visual score,Ordinal,,,,,0=No visible infection,1=very slight wilting,2=moderte wilting and necrosis,3=high wilting and necrosis,4=plant dead or near death,,,,,
,CO_340:0000936,AphDam_Est_0to4,,Pedigree nurseries,,Recommended,,UC Riverside,Jeff Ehlers,30-May-2010,EN,Cowpea,CO_340:0000386,Aphid damage,Biotic stress traits,Damage caused by aphid in specialized nursery,,APHIDRES,,Aphid,Damage,Recommended,,CO_340:0000387,Aphid resistance - Method,Estimation,Visual rating of extent of aphid infestation,,,CO_340:0000388,0-4 visual score,Ordinal,,,,,0=No infestation present,1=low aphid numbers,2=medium aphid numbers,3=high medium aphid numbers,4=completely covered by aphids,,,,,
,CO_340:0000937,AphInc_Est_Pct,,Pedigree nurseries,,Recommended,,IITA,Ousmane Boukar,30-Apr-2014,EN,Cowpea,CO_340:0000641,Aphid incidence,Biotic stress traits,Aphid Incidence Score,,AphIS,,Aphid,Incidence,Recommended,,CO_340:0000712,Aphid incidence - Method,Estimation,"Assessing the incidence of aphids by determining the percentage of plants in each experimental plot that is infested at 10, 20 and 30 days after seedling emergence.",,"Singh and Jackai, 1985",CO_340:0000792,%,Numerical,,0,100,,,,,,,,,,,
,CO_340:0000938,AphSev_EstComp_0to9,,Pedigree nurseries,,Recommended,,IITA,Ousmane Boukar,30-Apr-2014,EN,Cowpea,CO_340:0000642,Aphid severity,Biotic stress traits,Severity of aphid infestation,,AphSev,,Aphid,Severity,Recommended,,CO_340:0000713,Aphid severity - Method,Computation,The level of infestation is assessed on 30 stands per plot (five stands per row at fixed intervals to avoid bias) and scores averaged.,,"Jackai and Singh,1988",CO_340:0000793,0-9 rating score,Ordinal,,,,,0=no infestation,1= a few individual aphids (1-4 aphids),2=,3= a few isolated colonies (5-20 aphids),4=,5=several small colonies (21-100 aphids),6=,7=large isolated colonies (101-500 aphids),8=,9=large continuous colonies (>500 aphids)
,CO_340:0000939,EmpDam_Est_1to9,,Pedigree nurseries,,Recommended,,IITA,Ousmane Boukar,30-Apr-2014,EN,Cowpea,CO_340:0000643,Leafhopper (Empoasca) damage,Biotic stress traits,Damage caused by leafhopper (Empoasca),,EmpRes,,Leafhopper,Damage,Recommended,,CO_340:0000714,Leafhopper (Empoasca) resistance - Method,Estimation,Visual rating of the extend of leafhopper damage to cowpea on experimental plot basis around 25-30 days after seedling emergence. It is done,,"Jackai and Singh,1988",CO_340:0000794,1-9 rating scale,Ordinal,,,,,1=no visible damage,2=,3=slight yellowing of the midrib - no cupping,4=,5=pronounced yellowing at midrib and side veins - yellowing extends slightly between the veins - symptoms may or may not be associated with moderate cupping,6=,"7= severe yellowing of the leaves followed by drying of leaf tips and leaf margins - characteristic hopper burn"" observed""",8=,"9=severe defoliation, followed by wilting, resulting in death of plants",
,CO_340:0000940,MarDam_EstDeg_1to9,,Pedigree nurseries,,Recommended,,IITA,Ousmane Boukar,30-Apr-2014,EN,Cowpea,CO_340:0000308,Maruca damage,Biotic stress traits,Pod damage caused by Maruca (insect) attack,"Maruca resistance, Resistance to Maruca",MARUCA,,Maruca,Damage,Recommended,,CO_340:0000715,Maruca resistance - Method,Estimation,Visual evaluation of the degree of podding when the pods are mature but still green,,"Jackai and Singh,1988",CO_340:0000795,1-9 rating scale,Ordinal,,,,,1=most (>60%) peduncles bare (i.e. no pods),2=,3=31-60% peducles bare,4=,5=16-30% peduncles bare,6=,7=up to 15% peduncles bare,8=,9=occasional bare peduncles,
,CO_340:0000941,MarDam_EstPct_1to9,,Pedigree nurseries,,Recommended,,IITA,Ousmane Boukar,30-Apr-2014,EN,Cowpea,CO_340:0000308,Maruca damage,Biotic stress traits,Pod damage caused by Maruca (insect) attack,"Maruca resistance, Resistance to Maruca",MARUCA,,Maruca,Damage,Recommended,,CO_340:0000716,Maruca damage - Method,Estimation,Visual evaluation of the percentage of pod damage when the pods are mature but still green,,"Jackai and Singh,1988",CO_340:0000796,1-9 rating scale,Ordinal,,,,,1=0-10% pod damage,2=11-20% pod damage,3=21-30% pod damage,4=31-40% pod damage,5=41-50% pod damage,6=51-60% pod damage,7=61-70% pod damage,8=71-80% pod damage,9=80-90% pod damage,9-91-100% pod damage
,CO_340:0000942,ThrpDamStpl_Est_0to4,,Pedigree nurseries,,Recommended,,UC Riverside,Jeff Ehlers,30-May-2010,EN,Cowpea,CO_340:0000389,Thrip damage to stipules,Biotic stress traits,Flower thrip damage to stipules,,THRIPSTIP,"THRIPFLOW, THRIPDAM",Thrips,Damage on stipule,Recommended,,CO_340:0000390,Thrip damage to stipules - Method,Estimation,Trait assessed by visual rating of stipule necrosis at 40 DAP,,"Singh et al, 1997",CO_340:0000391,0-4 visual score,Ordinal,,,,,0=no stipule necrosis,1=low stipule necrosis,2=medium stipule necrosis,3=high stipule necrosis,4=complete stipule necrosis,,,,,
,CO_340:0000943,ThrpDamFlw_Est_1to9,,Pedigree nurseries,,Recommended,,IITA,Ousmane Boukar,30-Apr-2014,EN,Cowpea,CO_340:0000644,Flower thrip damage,Biotic stress traits,"Flower thrip damage to stipules, flower buds and peduncles",,"THRIPFLOW, FOLTHRIP","THRIPS, THRIPSTIP",Thrips,Damage on flower,Recommended,,CO_340:0000717,Flower thrip damage - Method,Estimation,"Visual rating based on a combination of varying intensities of browning of the stipules and flower buds, non-elongation of peducles, and flower bud abscission",,"jackai and Singh, 1988",CO_340:0000797,1-9 visual score,Ordinal,,,,,"1=no browning/drying (i.e. scaling) of stipules, leaf or flower buds - no bud abscission",2=,"3= initiation of browning of stipules, leaf or flower buds - no bud abscission",4=,5=distinct browning/drying of stipules and leaf or flower buds - some bud abscission,6=,7=serious bud abscission accompanied by browning/drying of stipules and buds - non-elongation of peduncles,8=,"9=very severe bud abscission, heavy browning/drying of stipules and buds - distinct non-elongation of (most or all) peduncles",
,CO_340:0000944,LfThripDam_Est_undefined,,Pedigree nurseries,,Curation,,UC Riverside,Jeff Ehlers,30-May-2010,EN,Cowpea,CO_340:0000428,Foliar thrip damage,Biotic stress traits,Foliar thrip damage,,FOLTHRIP,,Thrips,Damage on leaf,Recommended,,CO_340:0000429,Foliar thrip damage - Method,Estimation,Visual rating of leaf vein scarring,,"Muchero et al., 2010",CO_340:0000430,Undefined scale,,,,,,,,,,,,,,,
,CO_340:0000945,TermInf_Est_undefined,,Pedigree nurseries,,Curation,,IITA,,17-Dec-2011,EN,Cowpea,CO_340:0000392,Termites infestation,Biotic stress traits,Extent of the infestation by termites,,TRMTS,,Termite,Infestation,Standard IITA,,CO_340:0000393,Termites - Method,Estimation,Visual assesment of overall occurence and severity of termite damage,,,CO_340:0000394,Undefined scale,,,,,,,,,,,,,,,
,CO_340:0000946,PigBleed_Est_0to4,,Pedigree nurseries,,Standard UC Riverside,,UC Riverside,Jeff Ehlers,30-May-2010,EN,Cowpea,CO_340:0000395,Pigment bleeding,Quality traits,Seedcoat pigment bleeding,,EYELEAK,,Seed coat,Pigment bleeding,Standard UC Riverside,,CO_340:0000396,Pigment bleeding - Method,Estimation,Degree of seedcoat pigment discoloration following boiling water treatment for 5 minutes compared to standards,,,CO_340:0000397,0-4 visual score,Nominal,,,,,0=broth clear,1=broth with slight red color,2=deep red broth,3=purple broth,4=black broth,,,,,
,CO_340:0000947,SeptSev_Est_0to4,,Pedigree nurseries,,Recommended,,IITA,Ousmane Boukar,17-Dec-2011,EN,Cowpea,CO_340:0000398,Septoria severity,Biotic stress traits,Severity of the symptoms caused by Septoria,,SEPT,,Septoria,Severity,Recommended,,CO_340:0000399,Septoria - Method,Estimation,Visual rating of Septoria affected leaf area,,"(BB.Singh,1997)",CO_340:0000400,0-4 visual score,Ordinal,,,,,0=no symptoms,1=mild symptoms,2=moderate symptoms,3=heavy infestation,4=heavy devastating severity,,,,,
,CO_340:0000948,PodLng_Av_cm,,Pedigree nurseries,,Recommended,,UC Riverside,Jeff Ehlers,30-May-2010,EN,Cowpea,CO_340:0000401,Length of pods,Morphological traits,Length of pods,,PODLNGTH,,Pod,Length,Recommended,,CO_340:0000402,Length of pods - Method,Computation,Average length of ten mature pods per plot,,"V. Mahalakshmi et al, Pl Gen Res: Char&Utilization, Vol. 5, NIAB, 2007",CO_340:0000403,cm,Numerical,,4,80,,,,,,,,,,,
,CO_340:0000949,DPllntProp_Comp_Pct,,Pedigree nurseries/trials,,Recommended,,IITA,Ousmane Boukar,17-Dec-2011,EN,Cowpea,CO_340:0000404,Dead plant proportion,Agronomical traits,Proportion of dead plant,,PDEADP,,Dead plant,Proportion,Recommended,,CO_340:0000405,Dead plant per plot - Method,Computation,Counting sampled plots for % dead plant,,,CO_340:0000406,%,Numerical,,0,100,,,,,,,,,,,
,CO_340:0000950,AnthrDam_Est_0to4,,Pedigree nurseries,,Recommended,,IITA,Ousmane Boukar,17-Dec-2011,EN,Cowpea,CO_340:0000410,Anthracnose damage,Biotic stress traits,Anthracnose damage,,ATNSE,,Anthracnose,Damage,Recommended,,CO_340:0000411,Anthracnose - Method,Estimation,Visual rating of Anthracnose affected leaf area,,"(BB.Singh,1997)",CO_340:0000412,0-4 score,Ordinal,,,,,0=no symptoms,1=mild symptoms,2=moderate symptoms,3=heavy infestation,4=heavy devastating severity,,,,,
,CO_340:0000951,SdCTex_Est_1to3,,Pedigree nurseries,,Recommended,,UC Riverside,Jeff Ehlers,30-May-2010,EN,Cowpea,CO_340:0000413,Seedcoat,Quality traits,Seedcoat texture,,SDTEXT,,Seed coat,Texture,Recommended,,CO_340:0000414,Seedcoat - Method,Estimation,"Visual, rough or smooth or intermediate",,"V. Mahalakshmi et al, Pl Gen Res: Char&Utilization, Vol. 5, NIAB, 2007",CO_340:0000415,3 classes,Nominal,,,,,1=S=smooth,2=R=rough,3=I=intermediate,,,,,,,
,CO_340:0000952,SdCCol_Est_1to7,,Pedigree nurseries,,Recommended,,UC Riverside,Jeff Ehlers,30-May-2010,EN,Cowpea,CO_340:0000416,Seedcoat color,Quality traits,Seed coat color,,SDCOLOR,,Seed coat,Color,Recommended,,CO_340:0000417,Seedcoat color - Method,Estimation,Visual assessment of seedcoat colour,,"V. Mahalakshmi et al, Pl Gen Res: Char&Utilization, Vol. 5, NIAB, 2007",CO_340:0000418,7 classes,Nominal,,,,,1=W=white,2=C=cream,3=Br=brown,4=Bl=black,5=R=red,6=P=purple,7=O=other,,,
,CO_340:0000953,SdShp_Est_1to5,,Pedigree nurseries,,Recommended,,UC Riverside,Jeff Ehlers,30-May-2010,EN,Cowpea,CO_340:0000419,Seed shape,Quality traits,Seed shape,,SDSHAPE,,Grain,Shape,Recommended,,CO_340:0000420,Seed shape - Method,Estimation,Visual observation of the shape of the seed,,"V. Mahalakshmi et al, Pl Gen Res: Char&Utilization, Vol. 5, NIAB, 2007",CO_340:0000421,5 classes,Nominal,,,,,1=R=round,2=E=elongated,3=G=globose,4=K=kidney,5=O=other,,,,,
,CO_340:0000954,CrcspDam_Est_1to5,,Pedigree nurseries/trials,,Recommended,,IITA,Ousmane Boukar,17-Dec-2011,EN,Cowpea,CO_340:0000422,Cercospora,Biotic stress traits,Damage caused by Cercospora,,CRCSP,,Cercospora,Damage,Recommended,,CO_340:0000423,Cercospora - Method,Estimation,Visual rating of cercospora affected leaf area,,,CO_340:0000424,0-4 visual score,Ordinal,,,,,0=infestation,1=mild infestation,2=moderate infestation,3=heavy infestation,4=heavy devastating infestation,,,,,
,CO_340:0000955,AlecInf_Est_0to4,,Pedigree nurseries,,Recommended,,IITA,Ousmane Boukar,30-Apr-2014,EN,Cowpea,CO_340:0000425,Alectra,Biotic stress traits,Alectra vogelii infestation,,ALCTRA,,Alectra,Infestation,Recommended,,CO_340:0000426,Alectra - Method,Estimation,Visual rating of presence/absence of Alectra,,,CO_340:0000427,0-4 score,Ordinal,,,,,0=infestation,1=mild infestation,2=moderate infestation,3=heavy infestation,4=heavy devastating infestation,,,,,
,CO_340:0000956,AlecEmDat_Meas_Date,,Pedigree nurseries,,Recommended,,IITA,Ousmane Boukar,30-Apr-2014,EN,Cowpea,CO_340:0000645,Alectra - Date of First Alectra Emergence,Biotic stress traits,Date of the first Alectra emergence,,DFAE,,Alectra,Date of emergence,Recommended,,CO_340:0000718,Alectra - Date of First Alectra Emergence - Method,Measurement,Record the date at which the first Alectra emerged in the experimental plot,,,CO_340:0000798,number,Date,,0,150,,,,,,,,,,,
,CO_340:0000957,AlecNo_CountWk_Alec,,Pedigree nurseries,,Recommended,,IITA,Ousmane Boukar,30-Apr-2014,EN,Cowpea,CO_340:0000632,ALPERPLT,Agronomical traits,Alectra per plot,,ALPERP,,Alectra,Number,Deprecated,,CO_340:0000719,Alectra- Alectra plants per week - Method,Counting,Count the number of Alectra in the experimental plot at weekly interval after first emergence up to maturity,,,CO_340:0000799,alectra/plot,Numerical,,0,300,,,,,,,,,,,
,CO_340:0000958,AlecParPlnt_Count_Alec,,Pedigree nurseries,,Recommended,,IITA,Ousmane Boukar,30-Apr-2014,EN,Cowpea,CO_340:0000646,Alectra- Alectra infection,Biotic stress traits,Number of plants infected by Alectra,,PIA,,Plant parasited by Alectra,Number,Recommended,,CO_340:0000720,Alectra- Alectra infection - Method,Counting,Count the number of plants infected by Alectra in the experimental plot 9 weeks after planting,,,CO_340:0000800,plants infected,Numerical,,0,200,,,,,,,,,,,
,CO_340:0000959,AlecNo_Count9Wk_Alec,,Pedigree nurseries,,Recommended,,IITA,Ousmane Boukar,30-Apr-2014,EN,Cowpea,CO_340:0000632,ALPERPLT,Agronomical traits,Alectra per plot,,ALPERP,,Alectra,Number,Deprecated,,CO_340:0000633,No method name found,Counting,Count the number of Alectra in the experimental plot 9 weeks after planting,,,CO_340:0000801,alectra/plot,Numerical,,0,45,,,,,,,,,,,
,CO_340:0000960,AlHt_Av_cm,,Pedigree nurseries,,Recommended,,IITA,Ousmane Boukar,30-Apr-2014,EN,Cowpea,CO_340:0000647,Alectra- Height of Alectra,Biotic stress traits,Height of Alectra,,AHA,,Alectra,Height,Recommended,,CO_340:0000721,Alectra- Height of Alectra - Method,Computation,Measure the height of 5 or 10 random Alectra plants per experimental plot 9 weeks after planting and record the average height for the experimental plot,,,CO_340:0000802,cm,Numerical,,10,50,,,,,,,,,,,
,CO_340:0000961,AlctWt_Av_g,,Pedigree nurseries,,Recommended,,IITA,Ousmane Boukar,30-Apr-2014,EN,Cowpea,CO_340:0000648,Weight of Alectra,Biotic stress traits,Weight of Alectra,,AWA,,Alectra,Weight,Recommended,,CO_340:0000722,Alectra- Weight of Alectra - Method,Computation,Average the weight of 5 or 10 random plants per experimental plot,,,CO_340:0000803,g,Numerical,,10,70,,,,,,,,,,,
,CO_340:0000962,FlwCol_Est_1to4,,Pedigree nurseries,,Recommended,,UC Riverside,Jeff Ehlers,30-May-2010,EN,Cowpea,CO_340:0000431,Flower color,Morphological traits,Flower color,,FLOWCOL,,Flower,Colour,Recommended,,CO_340:0000432,Flower color - Method,Estimation,Visual classification of flower colour in the experimental plot,,"V. Mahalakshmi et al, Pl Gen Res: Char&Utilization, Vol. 5, NIAB, 2007",CO_340:0000433,Color,Nominal,,,,,1=W=white,2=V=violet,3=M=Mauve-pink,4=O=other,,,,,,
,CO_340:0000963,CanHt_Meas_cm,,Pedigree nurseries,,Recommended,,UC Riverside,Jeff Ehlers,30-May-2010,EN,Cowpea,CO_340:0000434,Canopy Height,Agronomical traits,Canopy Height,,CANOPYHT,,Canopy,Height,Recommended,,CO_340:0000435,Canopy Height at FLOW50 - Method,Measurement,"when 50% of the plant in a plot have at least one flower, randomly select 5 plants, measure the height from soil surface to top of canopy and compute the average",,,CO_340:0000436,cm,Numerical,,15,80,,,,,,,,,,,
,CO_340:0000964,PodCol_Est_1to3,,Pedigree nurseries,,Recommended,,UC Riverside,Jeff Ehlers,30-May-2010,EN,Cowpea,CO_340:0000437,color of dry pod,Morphological traits,Dry pod color,,DRYPODCOL,,Dry pod,Colour,Recommended,,CO_340:0000438,color of dry pod - Method,Estimation,Visual observation of the color of the dry pod,,"V. Mahalakshmi et al, Pl Gen Res: Char&Utilization, Vol. 5, NIAB, 2007",CO_340:0000439,1-3 classes,Nominal,,,,,1=S=straw color,2=T=tan,3=DT=dark tan,,,,,,,
,CO_340:0000965,MacrophSev_Est_0to4,,Pedigree nurseries,,Recommended,,UC Riverside,Jeff Ehlers,30-May-2010,EN,Cowpea,CO_340:0000440,Macrophomina Severity,Biotic stress traits,Severity of the symptoms caused by macrophomina,,MACROPH,,Macrophomina,Severity,Recommended,,CO_340:0000441,Macrophomina Tolerance - Method,Estimation,Visual rating of severity and extent of macrophomina damage,,"Muchero et al., 2009",CO_340:0000442,0-4 visual score,Ordinal,,,,,0=No visible infection,1=very slight wilting,2=moderte wilting and necrosis,3=high wilting and necrosis,4=plant dead or near death,,,,,
,CO_340:0000966,LygusBDam_Est_0to4,,Pedigree nurseries,,Standard UC Riverside,,UC Riverside,Jeff Ehlers,30-May-2010,EN,Cowpea,CO_340:0000443,Lygus bug damage,Biotic stress traits,Damage caused by lygus bug,,LYGUSRES,,Lygus bug,Damage,Standard UC Riverside,,CO_340:0000444,Lygus bug - Method,Estimation,"Visual rating of the average pod set under unprotected, lygus infested conditions",,,CO_340:0000445,0-4 visual score,Ordinal,,,,,0=no pods,1=1 pods/peduncle,2=2 pods/peduncle,3=3 pods/peduncle,4=4 pods/peduncle,,,,,
,CO_340:0000967,GwthHab_Est_1to5,,Pedigree nurseries,,Recommended,,IITA,Ousmane Boukar,17-Dec-2011,EN,Cowpea,CO_340:0000467,Growth habit,Agronomical traits,Type of growth habit,,GROHAB,,Plant,Growth habit,Recommended,,CO_340:0000468,Growth habit - Method,Estimation,Visual recording of cultivar growth habit Evaluated in the 6th week after sowing,,,CO_340:0000469,Growth habit,Nominal,,,,,1= Acute erect (branches form acute angles with main stem),2= Erect (branching angle less acute than above),"3= Semi-erect (branches perpendicular to main stem, but not touch ground)",4= Intermediate (most lower branches touch the ground),5= Semi-prostrate (main stem reaches 20 or more centimeters 6 Prostrate (plants flat on ground - branches spread several meters),,,,,
,CO_340:0000968,CookT_Meas_min,,Pedigree nurseries,,Recommended,,UC Riverside,Jeff Ehlers,30-May-2010,EN,Cowpea,CO_340:0000476,Cooking time,Quality traits,Time needed for cowpea sample to cook,,CKTME,,Grain,Cooking time,Recommended,,CO_340:0000477,Cooking time - Method,Measurement,Time taken for dry grain to soften in boiling water,,,CO_340:0000478,minutes,Duration,,20,90,,,,,,,,,,,
,CO_340:0000969,PhytmInf_Est_0to4,,Pedigree nurseries,,Recommended,,IITA,Ousmane Boukar,17-Dec-2011,EN,Cowpea,CO_340:0000497,Phytium infestation,Biotic stress traits,Extent of the infestation by Pythium,,PHYTM,,Phytium,Infestation,Recommended,,CO_340:0000498,Phytium Infestation - Method,Estimation,Visual assessment of pithium infested plant per plot,,,CO_340:0000499,0-4 visual score,Ordinal,,,,,0= no infestation,1=mild infestation,2=moderate infestation,3=heavy infestation,4=heavy devastating infestation,,,,,
,CO_340:0000970,PodFWt_Meas_g,,Pedigree nurseries,,Standard IITA,,IITA,Ousmane Boukar,17-Dec-2011,EN,Cowpea,CO_340:0000500,Fresh pod,Agronomical traits,Weight of fresh pod,,FRESHP,,Pod,Fresh weight,Standard IITA,,CO_340:0000501,Fresh pod - Method,Measurement,Record Weight fresh mature pod from a plot,,,CO_340:0000502,g,Numerical,,0,5000,,,,,,,,,,,
,CO_340:0000971,JRtNemDam_Est_undefined,,Pedigree nurseries,,Curation,,IITA,Ousmane Boukar,17-Dec-2011,EN,Cowpea,CO_340:0000503,M. javanica root knot nematode,Biotic stress traits,Damage caused by M. javanica root knot nematode,,RootNemRes,,M. javanica root knot nematode,Damage,Recommended,,CO_340:0000504,M. javanica root knot nematode - Method,Estimation,Visual assessment of root,,,CO_340:0000505,Undefined scale,,,,,,,,,,,,,,,
,CO_340:0000972,ChlCt_Meas_Score,,Pedigree nurseries,,Recommended,,UC Riverside,Jeff Ehlers,30-May-2010,EN,Cowpea,CO_340:0000509,Chlorophyll content,Abiotic stress traits,Chlorophyll content,,SPAD,,Leaf,Chlorophyll content,Recommended,,CO_340:0000510,Chlorophyll content - Method,Measurement,Measurement of chlorophyll using a chlorophyll SPAD meter between 8am -10am as per manufacturers instructions,,,CO_340:0000511,SPAD units,Numerical,,,,,,,,,,,,,,
,CO_340:0000973,DFodWt_Week_g,,Pedigree nurseries,,Recommended,,IITA,Ousmane Boukar,17-Dec-2011,EN,Cowpea,CO_340:0000530,Dry fodder weight,Agronomical traits,Dry fodder weight,dry fodder,DFWT,,Dry fodder,Weight,Recommended,,CO_340:0000531,Dry fodder weight - Method,Measurement,Weight of dry fodder harvested on an experimental plot,,,CO_340:0000532,g,Numerical,,0,5000,,,,,,,,,,,
,CO_340:0000974,DFodYd_Comp_kgha,,Pedigree nurseries,,Recommended,,IITA,Ousmane Boukar,17-Dec-2011,EN,Cowpea,CO_340:0000608,Zinc concentration,Quality traits,Zinc concentration in the seed,dry fodder yield,ZNCONC,,Grain,Zinc concentration,Recommended,,CO_340:0000609,Atomic Absorption Spectrophotometry,Measurement,Atomic Absorption Spectrophotometry (AAS),,,CO_340:0000610,mg/kg,Numerical,,,,,,,,,,,,,,
,CO_340:0000975,PodEmerT_1PCount_d,,Pedigree nurseries,,Recommended,,IITA,Ousmane Boukar,17-Dec-2011,EN,Cowpea,CO_340:0000533,Pode emergence time,Phenological traits,Time to pod Emergence,,DFRSTPO,,Plant,Time to pod emergence,Recommended,,CO_340:0000534,First pods emergence - Method,Counting,Count number of days from planting to first appearance of pod per plot,,,CO_340:0000535,days,Numerical,,30,150,,,,,,,,,,,
,CO_340:0000976,StrInf_Est_0to4,,Pedigree nurseries,,Recommended,,IITA,Ousmane Boukar,30-Apr-2014,EN,Cowpea,CO_340:0000649,Striga infestation,Biotic stress traits,Plot infested with Striga gesnerioides,,SIP,,Striga,Incidence,Recommended,,CO_340:0000723,Striga - Method,Estimation,Visual rating of affected plot area,,,CO_340:0000804,0-4 score,Ordinal,,,,,0= no infestation,1=mild infestation,2=moderate infestation,3=heavy infestation,4=heavy devastating infestation,,,,,
,CO_340:0000977,Str1EmDat_Meas_Date,,Pedigree nurseries,,Standard IITA,,IITA,Ousmane Boukar,30-Apr-2014,EN,Cowpea,CO_340:0000536,DYSTRGEM,Agronomical traits,Days to Striga Emergence,STREM,DYSTRG,,Striga,Date of emergence,Deprecated,,CO_340:0000537,No method name found,Measurement,Record the date at which the first Striga in the experimental plot emerged,,,CO_340:0000805,number,Date,,40,150,,,,,,,,,,,
,CO_340:0000978,StrNo_CountWk_Striga,,Pedigree nurseries,,Recommended,,IITA,Ousmane Boukar,30-Apr-2014,EN,Cowpea,CO_340:0000320,Number of Striga,Biotic stress traits,Number of striga emerged,,StrNo,,Striga,Number,Recommended,,CO_340:0000724,Striga- Striga plants per week - Method,Counting,Count the number of Striga in the experimental plot at weekly interval after first emergence up to maturity,,,CO_340:0000806,strigas/plot,Numerical,,,,,,,,,,,,,,
,CO_340:0000979,StrParPlnt_Count_Plnt,,Pedigree nurseries,,Recommended,,IITA,Ousmane Boukar,17-Dec-2011,EN,Cowpea,CO_340:0000359,Plant infected with Striga,Biotic stress traits,Number of plant infested by Striga,Resistance to Striga gesnerioides,PLSTRG,,Plant parasited by Striga,Number,Recommended,,CO_340:0000725,Striga- Striga infection - Method,Counting,Count the number of plants infected by Striga in the experimental plot 9 weeks after planting,,,CO_340:0000807,plants infected,Numerical,,,,,,,,,,,,,,
,CO_340:0000980,StrNo_Count9Wk_Striga,,Pedigree nurseries,,Recommended,,IITA,Ousmane Boukar,30-Apr-2014,EN,Cowpea,CO_340:0000320,Number of Striga,Biotic stress traits,Number of striga emerged,,StrNo,,Striga,Number,Recommended,,CO_340:0000726,Total Striga plants at 9 weeks- Method,Counting,Count the number of Striga in the experimental plot 9 weeks after planting,,,CO_340:0000808,strigas/plot,Numerical,,,,,,,,,,,,,,
,CO_340:0000981,StrgHt_Av_cm,,Pedigree nurseries,,Recommended,,IITA,Ousmane Boukar,30-Apr-2014,EN,Cowpea,CO_340:0000650,Striga- Height of Striga,Biotic stress traits,Height of Striga,,AHS,,Striga,Height,Recommended,,CO_340:0000727,Striga- Height of Striga - Method,Computation,Measure the height of 5 or 10 random Striga plants per experimental plot 9 weeks after planting and record the average height for the experimental plot,,,CO_340:0000809,cm,Numerical,,,,,,,,,,,,,,
,CO_340:0000982,StrgWt_Av_g,,Pedigree nurseries,,Recommended,,IITA,Ousmane Boukar,30-Apr-2014,EN,Cowpea,CO_340:0000626,STRGDRWT,Agronomical traits,Striga dry weight,,STRGDR,,Striga,Weight,Deprecated,,CO_340:0000627,No method name found,Computation,Averaged weigh of 5 or 10 random Striga plants per experimental plot,,,CO_340:0000810,g,Numerical,,,,,,,,,,,,,,
,CO_340:0000983,SmutInf_Est_0to4,,Pedigree nurseries,,Recommended,,IITA,Ousmane Boukar,17-Dec-2011,EN,Cowpea,CO_340:0000539,Smut infestation,Biotic stress traits,Infestation by Smut,,SMUT,,Smut,Infestation,Recommended,,CO_340:0000540,Smut - Method,Estimation,Visual rating of leaf affected by smut,,,CO_340:0000541,0-4 visual score,Ordinal,,,,,0= no infestation,1=mild infestation,2=moderate infestation,3=heavy infestation,4=heavy devastating infestation,,,,,
,CO_340:0000984,LfScbInf_Est_0to4,,Pedigree nurseries,,Recommended,,IITA,Ousmane Boukar,17-Dec-2011,EN,Cowpea,CO_340:0000545,Leaf scab infestation,Biotic stress traits,Infestation by Leaf scab,,LEAFSC,,Scab,Infestation on leaf,Recommended,,CO_340:0000546,Leaf scab - Method,Estimation,Visual rating of leaf affected by scab,,,CO_340:0000547,0-4 visual score,Ordinal,,,,,0= no infestation,1=mild infestation,2=moderate infestation,3=heavy infestation,4=heavy devastating infestation,,,,,
,CO_340:0000985,PodScbInf_Est_0to4,,Pedigree nurseries,,Recommended,,IITA,Ousmane Boukar,17-Dec-2011,EN,Cowpea,CO_340:0000494,Pod scab infestation,Biotic stress traits,Pod infestation by SCAB,,PODSCAB,,Scab,Infestation on pod,Recommended,,CO_340:0000495,Pod SCAB - Method,Estimation,Visual rating of pod affected by scab,,,CO_340:0000496,0-4 visual score,Ordinal,,,,,0= no infestation,1=mild infestation,2=moderate infestation,3=heavy infestation,4=heavy devastating infestation,,,,,
,CO_340:0000986,GSucrCt_Meas_Read,,Pedigree nurseries,,Standard IITA,,IITA,Ousmane Boukar,17-Dec-2011,EN,Cowpea,CO_340:0000548,Grain sucrose content,Quality traits,Grain sucrose content,,SUCROS,,Grain,Sucrose content,Standard IITA,,CO_340:0000549,Grain sucrose content - Method,Measurement,Measure the sucrose content of grain sample using a blood testing device for tracking diabetese,,,CO_340:0000550,Reading of the blood testing device,Numerical,,,,,,,,,,,,,,
,CO_340:0000987,LfSptInf_Est_0to4,,Pedigree nurseries,,Recommended,,IITA,Ousmane Boukar,17-Dec-2011,EN,Cowpea,CO_340:0000563,Leaf spot infestation,Biotic stress traits,Leaf spot infestation,Septoria,LFSPT,,Leaf spot,Infestation,Recommended,,CO_340:0000564,Leaf spot - Method,Estimation,Visual rating of leafspot per plot,,,CO_340:0000565,0-4 visual score,Ordinal,,,,,0= no infestation,1=mild infestation,2=moderate infestation,3=heavy infestation,4=heavy devastating infestation,,,,,
,CO_340:0000988,LfWt_Sum_g,,Pedigree nurseries,,Deprecated,,IITA,Ousmane Boukar,17-Dec-2011,EN,Cowpea,CO_340:0000566,Leaf weight,Agronomical traits,Leaf weight,,LfWt,,Harvested leaf,Weight,Deprecated,,CO_340:0000567,Total leaf - Method,Computation,Weight of total leaf harvested per plot,,,CO_340:0000568,g,Numerical,,,,,,,,,,,,,,
,CO_340:0000989,PlntHt_Av_cm,,Pedigree nurseries,,Recommended,,IITA,Ousmane Boukar,17-Dec-2011,EN,Cowpea,CO_340:0000569,Plant height,Morphological traits,Plant height,,PTHT,,Plant,Height,Recommended,,CO_340:0000570,Plant height - Method,Computation,Average the height of 5 to 10 plants per plot at maturity,,,CO_340:0000571,cm,Numerical,,0,100,,,,,,,,,,,
,CO_340:0000990,PhomaInf_Est_0to4,,Pedigree nurseries,,Recommended,,IITA,Ousmane Boukar,17-Dec-2011,EN,Cowpea,CO_340:0000572,Phoma infestation,Biotic stress traits,Infestation by phoma,,PHOMA,,Phoma,Infestation,Recommended,,CO_340:0000573,Phoma - Method,Estimation,Visual rating of phoma affected plant per plot,,,CO_340:0000574,0-4 visual score,Ordinal,,,,,0= no infestation,1=mild infestation,2=moderate infestation,3=heavy infestation,4=heavy devastating infestation,,,,,
,CO_340:0000991,GrProtCt_Meas_mgg,,Pedigree nurseries,,Recommended,,IITA,Ousmane Boukar,17-Dec-2011,EN,Cowpea,CO_340:0000575,Grain protein content,Quality traits,Protein content of the grain,,PROTEIN,,Grain,Protein content,Recommended,,CO_340:0000576,Protein - Method,Measurement,Protein content of sample grain,,,CO_340:0000577,mg/g,Numerical,,,,,,,,,,,,,,
,CO_340:0000992,LfProtCt_Meas_mgg,,Pedigree nurseries,,Recommended,,IITA,Ousmane Boukar,17-Dec-2011,EN,Cowpea,CO_340:0000875,Leaf protein content,Quality traits,Protein content of the leaf,,PROTEIN,,Grain,Protein content,Recommended,,CO_340:0000576,Protein - Method,Measurement,Protein content of sample grain,,,CO_340:0000577,mg/g,Numerical,,,,,,,,,,,,,,
,CO_340:0000993,DPlntNo_Count_Plnt,,Pedigree nurseries,,Recommended,,IITA,Ousmane Boukar,17-Dec-2011,EN,Cowpea,CO_340:0000581,Dead plant number,Agronomical traits,Number of dead plants,,NDEADP,,Dead plant,Number,Recommended,,CO_340:0000582,Plants dead - Method,Counting,Count number of plants dead per plot,,,CO_340:0000583,plants,Numerical,,0,50,,,,,,,,,,,
,CO_340:0000994,LfRustInf_Est_0to4,,Pedigree nurseries,,Recommended,,IITA,Ousmane Boukar,17-Dec-2011,EN,Cowpea,CO_340:0000584,Leaf rust infestation,Biotic stress traits,Infestation by Leaf rust,,LEAFRU,,Leaf rust,Infestation,Recommended,,CO_340:0000585,Leaf rust - Method,Estimation,Visual rating of leaf rust affected plant per plot,,,CO_340:0000586,0-4 visual score,Ordinal,,,,,0= no infestation,1=mild infestation,2=moderate infestation,3=heavy infestation,4=heavy devastating infestation,,,,,
,CO_340:0000995,HillNo_Count_Hill,,Pedigree nurseries,,Recommended,,IITA,Ousmane Boukar,17-Dec-2011,EN,Cowpea,CO_340:0000587,Number of hills,Agronomical traits,Number of hills having at least one plant,,HILLS,,Hill,Number,Recommended,,CO_340:0000588,Hills - Method,Counting,Count number of hill per plot having at least one plant,,,CO_340:0000589,hills,Numerical,,0,50,,,,,,,,,,,
,CO_340:0000996,Wasps_xxx_xxx,,Pedigree nurseries,,Deprecated,,IITA,Ousmane Boukar,17-Dec-2011,EN,Cowpea,CO_340:0000596,Wasps,Biotic stress traits,Undefined trait,,WASPS,,Wasps,,Deprecated,,CO_340:0000597,Wasps - Method,,undefined method,,,CO_340:0000598,undefined scale,,,,,,,,,,,,,,,
,CO_340:0000997,LFHV,,Pedigree nurseries,,Deprecated,,IITA,Ousmane Boukar,17-Dec-2011,EN,Cowpea,CO_340:0000602,Leaf harvest,Agronomical traits,Weight of LEAF HARVESTed per plot every week,,LFHV,,Harvested leaf,Weight,Deprecated,,CO_340:0000603,Leaf harvest - Method,Measurement,Weigh leaf harvested from experimental unit weekly,,,CO_340:0000604,g,Numerical,,,,,,,,,,,,,,
,CO_340:0000998,AshStmR_Est_0to4,,Pedigree nurseries,,Recommended,,IITA,Ousmane Boukar,17-Dec-2011,EN,Cowpea,CO_340:0000611,Iron concentration,Quality traits,Iron concentration in the seed,,ICONC,,Grain,Iron concentration,Recommended,,CO_340:0000612,Atomic Absorption Spectrophotometry,Measurement,Atomic Absorption Spectrophotometry (AAS),,,CO_340:0000613,mg/kg,Numerical,,,,,,,,,,,,,,
,CO_340:0000999,FFodWt_Meas_g,,Pedigree nurseries,,Recommended,,IITA,Ousmane Boukar,18-Dec-2011,EN,Cowpea,CO_340:0000614,Fresh fodder weight,Agronomical traits,weight of fresh fodder,,FFWT,,Fresh fodder,Weight,Recommended,,CO_340:0000615,Fresh fodder weight - Method,Measurement,Weigh of fresh fodder harversted from experimental plot,,,CO_340:0000616,g,Numerical,,,,,,,,,,,,,,